Date,Mkt-RF,SMB,HML,RMW,CMA,RF
04/01/2016,-1.59,-0.76,0.52,0.35,0.42,0
05/01/2016,0.12,-0.24,0.01,0.05,0.31,0
06/01/2016,-1.35,-0.23,0,0.15,0.04,0
07/01/2016,-2.44,-0.29,0.08,0.49,0.36,0
08/01/2016,-1.11,-0.52,-0.03,0.25,0.05,0
11/01/2016,-0.06,-0.61,0.4,0.65,0.34,0
12/01/2016,0.72,-0.48,-0.77,-0.1,-0.39,0
13/01/2016,-2.67,-0.62,0.81,0.4,0.63,0
14/01/2016,1.65,-0.05,-0.4,-0.58,-0.43,0
15/01/2016,-2.14,0.4,-0.24,0.37,0.45,0
19/01/2016,-0.19,-1.38,-0.06,0.34,0.22,0
20/01/2016,-0.94,1.73,-1.27,0.08,-0.52,0
21/01/2016,0.45,-0.49,-0.02,0.49,0.64,0
22/01/2016,2.08,0.13,-0.2,-0.52,-0.64,0
25/01/2016,-1.71,-0.53,-0.99,0.33,-0.01,0
26/01/2016,1.52,0.62,1.18,0.66,0.63,0
27/01/2016,-1.11,-0.42,1.71,-0.13,0.92,0
28/01/2016,0.49,-0.55,1.26,-0.3,-0.44,0
29/01/2016,2.57,0.6,0.43,0.01,0.41,0
01/02/2016,-0.04,-0.3,-1,0.06,-0.35,0.001
02/02/2016,-2,-0.15,-0.37,0.28,0.4,0.001
03/02/2016,0.46,-0.25,0.47,0.41,0.32,0.001
04/02/2016,0.27,0.3,0.35,0.24,0,0.001
05/02/2016,-2.06,-0.74,1.64,1.06,1.19,0.001
08/02/2016,-1.51,0.13,0.83,1.69,0.87,0.001
09/02/2016,-0.09,-0.55,-0.28,-0.01,0.06,0.001
10/02/2016,0.01,-0.21,-0.55,-0.3,-0.69,0.001
11/02/2016,-1.17,0.3,-1.48,0.37,-0.26,0.001
12/02/2016,1.99,-0.27,1.1,-0.4,0.19,0.001
16/02/2016,1.78,0.52,-0.53,-0.01,-0.25,0.001
17/02/2016,1.75,-0.13,-0.65,-0.43,-0.37,0.001
18/02/2016,-0.51,-0.03,0.22,0.41,0.48,0.001
19/02/2016,0.06,0.27,-0.58,-0.65,-0.39,0.001
22/02/2016,1.43,-0.18,0.26,0.25,-0.26,0.001
23/02/2016,-1.22,0.36,-0.51,0.74,0.51,0.001
24/02/2016,0.53,0.66,-0.3,-0.04,0.16,0.001
25/02/2016,1.1,-0.44,0.23,-0.07,-0.24,0.001
26/02/2016,-0.01,0.86,0.29,-0.56,-0.04,0.001
29/02/2016,-0.69,0.72,0.25,0.13,0.53,0.001
01/03/2016,2.34,-0.65,0.39,-0.58,-0.61,0.001
02/03/2016,0.54,0.6,0.68,-0.7,-0.07,0.001
03/03/2016,0.5,0.57,0.66,0.28,0.32,0.001
04/03/2016,0.37,0.33,0.29,0.1,0.07,0.001
07/03/2016,0.21,1.3,0.55,-0.49,0.42,0.001
08/03/2016,-1.27,-1.28,-0.48,0.67,0.15,0.001
09/03/2016,0.5,0.1,0.41,0.22,0.18,0.001
10/03/2016,-0.11,-0.77,0.62,0.32,0.2,0.001
11/03/2016,1.69,0.31,0.23,-0.41,-0.43,0.001
14/03/2016,-0.12,-0.15,-0.9,-0.03,-0.19,0.001
15/03/2016,-0.36,-1.47,0.69,0.46,0.02,0.001
16/03/2016,0.63,0.12,-0.1,0.59,-0.03,0.001
17/03/2016,0.72,0.96,0.59,0.11,0.62,0.001
18/03/2016,0.54,0.43,-0.15,-0.22,0.09,0.001
21/03/2016,0.1,-0.28,-0.32,-0.1,-0.31,0.001
22/03/2016,-0.05,-0.09,-0.44,-0.33,-0.2,0.001
23/03/2016,-0.86,-1.19,-0.15,0.7,0.03,0.001
24/03/2016,0,0.45,-0.07,0.06,0.06,0.001
28/03/2016,0.04,-0.04,0.16,-0.05,0.22,0.001
29/03/2016,1.07,1.69,-1.2,0.18,-0.44,0.001
30/03/2016,0.41,-0.26,0.16,-0.06,-0.01,0.001
31/03/2016,-0.11,0.42,-0.48,-0.11,-0.07,0.001
01/04/2016,0.64,-0.32,-0.62,-0.39,-0.1,0
04/04/2016,-0.41,-0.31,-0.8,-0.24,-0.16,0
05/04/2016,-0.94,-0.18,-0.38,0.08,0.25,0
06/04/2016,1.14,0.1,-0.76,-0.55,-0.53,0
07/04/2016,-1.23,-0.09,-0.38,-0.02,0.26,0
08/04/2016,0.29,0.13,0.68,0.37,0.24,0
11/04/2016,-0.28,-0.01,0.96,0.01,0.24,0
12/04/2016,0.99,0.01,0.87,0.03,-0.13,0
13/04/2016,1.23,0.98,0.38,-0.47,-0.41,0
14/04/2016,0.03,-0.24,0.14,-0.35,-0.07,0
15/04/2016,-0.04,0.31,-0.34,0.23,0.21,0
18/04/2016,0.65,0.14,-0.19,-0.16,-0.07,0
19/04/2016,0.29,-0.2,1.48,-0.19,0.28,0
20/04/2016,0.15,0,0.58,-0.27,-0.17,0
21/04/2016,-0.47,0,-0.6,-0.61,-0.27,0
22/04/2016,0.12,1,0.52,-0.08,0.83,0
25/04/2016,-0.24,-0.64,-0.17,0.1,-0.08,0
26/04/2016,0.29,0.81,0.8,0.31,0.49,0
27/04/2016,0.21,0.16,0.69,-0.2,0.66,0
28/04/2016,-0.96,-0.19,-0.01,-0.5,0.53,0
29/04/2016,-0.5,-0.22,0.38,0.02,-0.19,0
02/05/2016,0.79,0,-0.38,0.03,-0.1,0.001
03/05/2016,-1.05,-0.74,-0.45,0.53,0.04,0.001
04/05/2016,-0.66,-0.15,0.04,0.5,0.33,0.001
05/05/2016,-0.08,-0.53,0.06,0.11,-0.05,0.001
06/05/2016,0.38,0.07,0.24,0.18,0.29,0.001
09/05/2016,0.05,0.22,-1.47,0.14,-0.4,0.001
10/05/2016,1.26,-0.37,0.5,-0.15,0.02,0.001
11/05/2016,-0.89,-0.32,0.8,-0.39,0.03,0.001
12/05/2016,-0.11,-0.62,0.14,0.36,0.02,0.001
13/05/2016,-0.82,0.31,-0.68,-0.55,-0.11,0.001
16/05/2016,0.99,0.22,-0.23,-0.09,-0.26,0.001
17/05/2016,-0.95,-0.71,0.61,-0.13,-0.11,0.001
18/05/2016,0.1,0.18,0.9,-1.3,-0.65,0.001
19/05/2016,-0.33,-0.33,-0.26,0.36,0.04,0.001
20/05/2016,0.75,0.85,-0.27,-0.4,-0.4,0.001
23/05/2016,-0.18,0.24,-0.32,-0.24,0.14,0.001
24/05/2016,1.43,0.64,-0.35,-0.1,-0.4,0.001
25/05/2016,0.72,-0.12,0.56,0.24,-0.15,0.001
26/05/2016,-0.04,-0.16,-0.54,0.15,-0.2,0.001
27/05/2016,0.49,0.36,-0.17,-0.11,-0.1,0.001
31/05/2016,-0.01,0.47,-0.37,-0.21,-0.29,0.001
01/06/2016,0.2,0.63,-0.2,-0.29,0.02,0.001
02/06/2016,0.35,0.26,-0.58,-0.21,0.05,0.001
03/06/2016,-0.38,-0.21,-0.07,0.51,0.16,0.001
06/06/2016,0.6,0.72,0.31,-0.17,-0.12,0.001
07/06/2016,0.12,0.2,0.1,0.35,0.23,0.001
08/06/2016,0.37,0.44,-0.09,0.02,-0.1,0.001
09/06/2016,-0.27,-0.44,-0.24,0.32,0.16,0.001
10/06/2016,-1.05,-0.38,-0.18,0.18,0.57,0.001
13/06/2016,-0.84,-0.36,0.12,-0.24,-0.06,0.001
14/06/2016,-0.19,0.13,-0.72,0.29,0.09,0.001
15/06/2016,-0.11,0.24,-0.03,-0.08,0.09,0.001
16/06/2016,0.24,-0.32,-0.45,0.25,0.33,0.001
17/06/2016,-0.3,0.06,0.95,0.42,0.48,0.001
20/06/2016,0.71,0.6,0.02,-0.19,0.09,0.001
21/06/2016,0.21,-0.62,0.5,-0.19,-0.03,0.001
22/06/2016,-0.2,-0.31,0.08,0.07,-0.03,0.001
23/06/2016,1.45,0.56,0.47,-0.56,-0.24,0.001
24/06/2016,-3.7,0.02,-1.22,0.98,0.19,0.001
27/06/2016,-2.07,-1.08,-0.72,0.58,0.45,0.001
28/06/2016,1.76,-0.36,0.16,-0.62,-0.52,0.001
29/06/2016,1.8,0.31,-0.03,-0.12,-0.32,0.001
30/06/2016,1.42,0.38,0.42,-0.1,0.3,0.001
01/07/2016,0.24,0.47,-0.43,-0.07,0.27,0.001
05/07/2016,-0.85,-0.84,-1.37,0.61,-0.71,0.001
06/07/2016,0.62,0.18,-0.13,-0.05,-0.17,0.001
07/07/2016,0.02,0.32,-0.18,0.13,-0.28,0.001
08/07/2016,1.6,0.98,0.32,0.02,0.29,0.001
11/07/2016,0.43,0.68,0.27,0.32,-0.08,0.001
12/07/2016,0.75,0.75,0.99,-0.59,0.67,0.001
13/07/2016,-0.05,-0.47,0.49,0.51,-0.02,0.001
14/07/2016,0.51,-0.41,0.45,-0.02,0.03,0.001
15/07/2016,-0.05,0.29,0,-0.29,0,0.001
18/07/2016,0.25,0.01,-0.15,0.05,-0.2,0.001
19/07/2016,-0.22,-0.64,0.04,0.46,-0.24,0.001
20/07/2016,0.48,0.39,-0.89,-0.05,-0.35,0.001
21/07/2016,-0.38,-0.05,-0.04,0.16,0.03,0.001
22/07/2016,0.48,0.28,-0.13,0.4,-0.28,0.001
25/07/2016,-0.27,-0.04,-0.23,0.44,-0.4,0.001
26/07/2016,0.13,0.61,0.54,-0.54,0.71,0.001
27/07/2016,-0.14,0.5,-0.43,-0.15,-0.56,0.001
28/07/2016,0.18,-0.53,-0.33,-0.1,-0.15,0.001
29/07/2016,0.17,-0.05,0.01,-0.01,0.35,0.001
01/08/2016,-0.16,0.06,-0.9,0.47,-0.74,0.001
02/08/2016,-0.7,-0.61,0.18,-0.42,0.17,0.001
03/08/2016,0.45,0.61,0.81,-0.71,0.17,0.001
04/08/2016,0.05,0.07,-0.39,0.17,0.07,0.001
05/08/2016,0.93,0.55,0.99,-0.58,-0.34,0.001
08/08/2016,-0.06,0.11,0.5,0.06,0.45,0.001
09/08/2016,0.05,-0.07,-0.27,-0.21,-0.22,0.001
10/08/2016,-0.29,-0.47,-0.18,0.62,0,0.001
11/08/2016,0.54,0.14,0.03,-0.32,0.21,0.001
12/08/2016,-0.06,0.14,-0.17,-0.14,-0.28,0.001
15/08/2016,0.39,0.82,0.39,-0.28,0.4,0.001
16/08/2016,-0.57,-0.2,0.59,-0.09,0.33,0.001
17/08/2016,0.12,-0.51,0.26,0.02,0.05,0.001
18/08/2016,0.32,0.49,0.34,-0.47,0.37,0.001
19/08/2016,-0.11,0.07,-0.14,0.22,-0.14,0.001
22/08/2016,-0.02,0.23,-0.4,0.01,-0.36,0.001
23/08/2016,0.27,0.55,-0.02,-0.02,0.06,0.001
24/08/2016,-0.56,-0.46,0.37,0.44,-0.09,0.001
25/08/2016,-0.08,0.21,0.48,-0.26,0.28,0.001
26/08/2016,-0.15,0.11,-0.09,-0.39,-0.2,0.001
29/08/2016,0.53,0,0.34,-0.08,0.2,0.001
30/08/2016,-0.14,0.22,0.29,-0.12,-0.32,0.001
31/08/2016,-0.24,-0.36,0.14,0.26,-0.35,0.001
01/09/2016,0.03,0.07,-0.5,0.1,-0.14,0.001
02/09/2016,0.53,0.44,0.35,-0.13,0.19,0.001
06/09/2016,0.26,0.03,-0.54,-0.62,0.03,0.001
07/09/2016,0.09,0.62,0.02,-0.06,-0.25,0.001
08/09/2016,-0.18,0.04,0.59,-0.84,0.41,0.001
09/09/2016,-2.47,-0.57,0.41,0.03,-0.44,0.001
12/09/2016,1.44,-0.04,-0.45,-0.15,-0.18,0.001
13/09/2016,-1.48,-0.31,-0.43,0.55,-0.7,0.001
14/09/2016,-0.08,0.05,-0.82,0.09,-0.45,0.001
15/09/2016,1.08,0.3,-0.31,0.06,-0.21,0.001
16/09/2016,-0.36,0.29,-0.45,0.21,-0.19,0.001
19/09/2016,0.05,0.51,0.14,-0.08,0.36,0.001
20/09/2016,-0.02,-0.35,-0.4,-0.55,-0.1,0.001
21/09/2016,1.12,0.21,0.34,-0.4,0.52,0.001
22/09/2016,0.7,0.81,-0.06,0.08,0.11,0.001
23/09/2016,-0.6,-0.06,-0.21,0.53,-0.51,0.001
26/09/2016,-0.88,-0.3,-0.35,-0.15,0.17,0.001
27/09/2016,0.64,-0.13,-0.5,-0.04,-0.38,0.001
28/09/2016,0.56,0.24,1.11,-0.91,1.15,0.001
29/09/2016,-0.98,-0.39,0.51,0.28,0.67,0.001
30/09/2016,0.88,0.43,0.34,-0.2,0.1,0.001
03/10/2016,-0.26,-0.04,-0.12,0.02,0.17,0.001
04/10/2016,-0.46,0.06,0.15,0.11,-0.31,0.001
05/10/2016,0.58,0.42,0.8,-0.48,0.44,0.001
06/10/2016,-0.06,-0.23,0.28,0.45,0.23,0.001
07/10/2016,-0.38,-0.54,0.2,-0.28,-0.35,0.001
10/10/2016,0.52,0.57,0.05,-0.55,-0.19,0.001
11/10/2016,-1.3,-0.57,0.43,0.39,0.08,0.001
12/10/2016,0.06,-0.22,0.34,0.67,0.14,0.001
13/10/2016,-0.42,-0.74,-0.63,0.33,-0.15,0.001
14/10/2016,0.01,-0.36,0.58,0.07,0.1,0.001
17/10/2016,-0.29,-0.01,0.15,0.11,0.11,0.001
18/10/2016,0.6,-0.16,0.05,-0.3,-0.31,0.001
19/10/2016,0.25,0.13,0.94,-0.11,0.49,0.001
20/10/2016,-0.16,-0.04,-0.11,-0.48,-0.02,0.001
21/10/2016,0.02,-0.18,-0.33,0.17,-0.17,0.001
24/10/2016,0.54,0.07,-0.19,0.59,-0.49,0.001
25/10/2016,-0.46,-0.61,0.24,0.01,-0.02,0.001
26/10/2016,-0.23,-0.73,0.7,0.12,0.51,0.001
27/10/2016,-0.33,-0.94,0.56,-0.11,0.02,0.001
28/10/2016,-0.29,-0.13,0.08,-0.13,0.36,0.001
31/10/2016,0.02,0.11,0.1,0.48,-0.34,0.001
01/11/2016,-0.68,-0.38,0.2,-0.5,-0.06,0.001
02/11/2016,-0.73,-0.56,0.25,0.97,0.11,0.001
03/11/2016,-0.4,-0.37,1.05,0.13,0.8,0.001
04/11/2016,-0.12,0.85,-0.44,-0.09,-0.05,0.001
07/11/2016,2.23,0.17,-0.13,-0.31,-0.22,0.001
08/11/2016,0.4,-0.11,-0.22,-0.06,0.29,0.001
09/11/2016,1.46,2.13,1.07,-0.81,0.72,0.001
10/11/2016,0.32,1.46,1.84,-0.26,0.35,0.001
11/11/2016,0.18,2.53,-0.02,0.02,-0.33,0.001
14/11/2016,0.21,0.92,1.41,-0.22,0.34,0.001
15/11/2016,0.8,-0.54,0.15,-0.5,0.22,0.001
16/11/2016,-0.12,0.22,-0.56,0.76,-0.16,0.001
17/11/2016,0.56,0.16,-0.15,0.17,-0.42,0.001
18/11/2016,-0.16,0.57,0.38,-0.19,0.11,0.001
21/11/2016,0.77,-0.26,0.06,-0.05,0.35,0.001
22/11/2016,0.31,0.65,0.53,0.85,0.28,0.001
23/11/2016,0.16,0.56,0.19,-0.26,0.16,0.001
25/11/2016,0.4,-0.05,-0.29,0.26,-0.16,0.001
28/11/2016,-0.64,-0.77,0.09,0.68,-0.35,0.001
29/11/2016,0.11,-0.38,-0.05,0.43,-0.5,0.001
30/11/2016,-0.25,-0.17,2.21,-1.43,1.99,0.001
01/12/2016,-0.36,-0.39,2.03,0.31,0.62,0.001
02/12/2016,0,-0.01,-0.32,-0.11,0.09,0.001
05/12/2016,0.75,1.12,0.27,-0.31,-0.16,0.001
06/12/2016,0.48,0.63,0.22,-0.16,-0.08,0.001
07/12/2016,1.26,-0.49,0.48,0.84,-0.01,0.001
08/12/2016,0.36,1.24,0.61,-0.22,-0.1,0.001
09/12/2016,0.46,-0.35,0.2,-0.06,-0.04,0.001
12/12/2016,-0.3,-0.98,-0.13,0.11,0.04,0.001
13/12/2016,0.6,-0.58,-0.26,0.06,-0.17,0.001
14/12/2016,-0.82,-0.39,-0.28,0.44,-0.51,0.001
15/12/2016,0.46,0.46,0.3,0.03,0.06,0.001
16/12/2016,-0.22,-0.01,-0.41,-0.15,-0.01,0.001
19/12/2016,0.22,0.32,0.06,0.21,0.05,0.001
20/12/2016,0.44,0.5,0.63,0.12,0.1,0.001
21/12/2016,-0.24,-0.34,0.19,0.15,0.05,0.001
22/12/2016,-0.3,-0.78,0.26,-0.21,0.05,0.001
23/12/2016,0.19,0.53,-0.5,-0.36,-0.15,0.001
27/12/2016,0.27,0.23,0.14,0.17,0.04,0.001
28/12/2016,-0.87,-0.29,0.09,0.17,-0.15,0.001
29/12/2016,-0.04,0.1,-0.33,0.27,0.02,0.001
30/12/2016,-0.52,-0.06,0.2,-0.11,0.03,0.001
03/01/2017,0.83,-0.11,0.06,-0.2,0.26,0.002
04/01/2017,0.79,0.97,-0.16,-0.47,-0.04,0.002
05/01/2017,-0.21,-1.02,-0.79,-0.21,-0.08,0.002
06/01/2017,0.29,-0.74,-0.31,-0.35,-0.3,0.002
09/01/2017,-0.37,-0.34,-1.03,0.14,-0.52,0.002
10/01/2017,0.16,0.93,0.43,0.04,0.04,0.002
11/01/2017,0.31,-0.16,0.68,0.07,0.28,0.002
12/01/2017,-0.3,-0.65,-0.87,0.05,-0.28,0.002
13/01/2017,0.29,0.59,-0.08,-0.28,-0.17,0.002
17/01/2017,-0.49,-0.96,-0.64,0.59,0.39,0.002
18/01/2017,0.24,0.2,0.24,-0.11,-0.1,0.002
19/01/2017,-0.38,-0.55,-0.05,-0.1,-0.03,0.002
20/01/2017,0.33,0.09,0.23,0.14,0.01,0.002
23/01/2017,-0.29,-0.06,-0.33,0.43,-0.35,0.002
24/01/2017,0.83,0.8,0.81,-0.24,0.49,0.002
25/01/2017,0.84,0.21,0.43,-0.26,-0.16,0.002
26/01/2017,-0.1,-0.58,0.41,-0.08,-0.16,0.002
27/01/2017,-0.12,-0.06,-0.68,0.1,0.05,0.002
30/01/2017,-0.68,-0.74,-0.46,0.6,-0.15,0.002
31/01/2017,0,0.81,-0.56,-0.39,-0.25,0.002
01/02/2017,0.03,-0.08,0.04,0.22,-0.22,0.002
02/02/2017,-0.02,-0.3,-0.29,-0.31,0.16,0.002
03/02/2017,0.82,0.62,0.75,-0.5,0.31,0.002
06/02/2017,-0.27,-0.64,-0.19,0.1,-0.21,0.002
07/02/2017,-0.01,-0.38,-0.52,0.39,-0.23,0.002
08/02/2017,0.06,-0.28,-0.6,0.3,-0.07,0.002
09/02/2017,0.72,0.7,0.07,-0.27,0.05,0.002
10/02/2017,0.38,0.41,0.14,0.01,0.15,0.002
13/02/2017,0.49,-0.26,0.33,0,0.04,0.002
14/02/2017,0.45,-0.17,0.36,-0.44,-0.08,0.002
15/02/2017,0.54,0.14,-0.43,0.2,-0.06,0.002
16/02/2017,-0.16,-0.22,0.01,0.27,-0.23,0.002
17/02/2017,0.2,-0.06,-0.54,0.01,-0.4,0.002
21/02/2017,0.6,0.06,0.13,0.32,0.37,0.002
22/02/2017,-0.15,-0.38,0.1,0.48,-0.33,0.002
23/02/2017,-0.11,-0.72,0.25,-0.25,-0.45,0.002
24/02/2017,0.15,-0.11,-0.98,0.33,-0.23,0.002
27/02/2017,0.22,0.85,-0.33,-0.38,-0.15,0.002
28/02/2017,-0.42,-1.36,0.16,-0.01,-0.2,0.002
01/03/2017,1.47,0.52,0.77,-0.54,0.54,0.001
02/03/2017,-0.7,-0.54,-0.9,0.63,-0.43,0.001
03/03/2017,0.09,-0.18,0.14,-0.06,-0.1,0.001
06/03/2017,-0.38,-0.41,-0.08,-0.05,0.01,0.001
07/03/2017,-0.36,-0.35,-0.06,0.1,-0.25,0.001
08/03/2017,-0.19,-0.19,-0.83,0.44,-0.75,0.001
09/03/2017,0.04,-0.53,-0.23,-0.58,-0.14,0.001
10/03/2017,0.34,0.06,-0.48,0.27,0.04,0.001
13/03/2017,0.13,0.32,-0.07,-0.12,0.04,0.001
14/03/2017,-0.36,-0.22,0,0.5,-0.25,0.001
15/03/2017,0.86,0.7,-0.46,-0.12,0.5,0.001
16/03/2017,-0.06,0.44,0.22,-0.15,-0.36,0.001
17/03/2017,-0.08,0.58,-0.33,0.15,0.02,0.001
20/03/2017,-0.25,-0.2,-0.72,-0.15,-0.05,0.001
21/03/2017,-1.48,-1.41,-0.71,0.86,0.29,0.001
22/03/2017,0.16,-0.33,-0.57,0.16,-0.16,0.001
23/03/2017,-0.03,0.74,0.49,-0.03,0.2,0.001
24/03/2017,-0.05,0.11,-0.21,-0.27,-0.32,0.001
27/03/2017,-0.05,0.47,-0.49,-0.21,-0.27,0.001
28/03/2017,0.72,-0.05,0.72,0.05,0.39,0.001
29/03/2017,0.18,0.33,-0.09,-0.25,0.12,0.001
30/03/2017,0.36,0.42,0.92,-0.06,-0.16,0.001
31/03/2017,-0.16,0.55,-0.32,0.04,0.08,0.001
03/04/2017,-0.28,-1.15,-0.08,-0.15,-0.06,0.003
04/04/2017,0.05,-0.24,0.32,-0.08,0.2,0.003
05/04/2017,-0.44,-0.83,-0.3,0.46,-0.1,0.003
06/04/2017,0.32,0.74,0.48,-0.13,0.37,0.003
07/04/2017,-0.08,0.07,-0.26,0.01,-0.05,0.003
10/04/2017,0.08,0.14,0.07,0.19,0.49,0.003
11/04/2017,-0.05,0.8,0.23,0.21,0.19,0.003
12/04/2017,-0.49,-0.94,-0.54,-0.04,-0.54,0.003
13/04/2017,-0.75,-0.34,-0.81,-0.03,-0.38,0.003
17/04/2017,0.89,0.29,0.24,0.02,-0.14,0.003
18/04/2017,-0.25,0.31,-0.19,0.31,0.11,0.003
19/04/2017,-0.08,0.56,-0.44,0.44,-0.84,0.003
20/04/2017,0.83,0.6,0.26,0.2,-0.2,0.003
21/04/2017,-0.28,0.06,-0.15,0.35,-0.19,0.003
24/04/2017,1.18,0.29,0.5,-0.07,0.16,0.003
25/04/2017,0.65,0.39,-0.07,-0.38,0.31,0.003
26/04/2017,0.04,0.75,0.32,0.23,0.01,0.003
27/04/2017,0.05,-0.2,-0.98,0.2,-0.57,0.003
28/04/2017,-0.3,-0.76,-0.61,0.1,-0.19,0.003
01/05/2017,0.21,0.25,-0.13,-0.17,-0.5,0.003
02/05/2017,0.03,-0.47,-0.21,0.4,-0.35,0.003
03/05/2017,-0.19,-0.52,0.22,-0.04,0.13,0.003
04/05/2017,0.02,-0.13,-0.36,0.36,-0.71,0.003
05/05/2017,0.46,0.11,0,-0.22,0.65,0.003
08/05/2017,-0.04,-0.21,0.26,0.13,0.08,0.003
09/05/2017,-0.05,0.4,-0.81,0.34,-0.37,0.003
10/05/2017,0.2,0.25,0.03,-0.31,0.39,0.003
11/05/2017,-0.26,-0.43,-0.15,-0.25,-0.02,0.003
12/05/2017,-0.18,-0.38,-0.61,-0.27,-0.33,0.003
15/05/2017,0.53,0.25,0.2,-0.31,0.04,0.003
16/05/2017,-0.03,0.1,-0.09,-0.25,-0.12,0.003
17/05/2017,-1.97,-0.96,-0.6,0.53,0.29,0.003
18/05/2017,0.4,0,-0.39,-0.33,-0.59,0.003
19/05/2017,0.7,-0.34,0.4,-0.09,0.79,0.003
22/05/2017,0.56,0.25,-0.3,-0.04,-0.31,0.003
23/05/2017,0.18,-0.01,0.65,-0.23,0.08,0.003
24/05/2017,0.24,-0.19,-0.46,0.14,-0.3,0.003
25/05/2017,0.42,-0.35,-0.75,0.54,-0.63,0.003
26/05/2017,0.06,-0.03,0.1,0.18,0.14,0.003
30/05/2017,-0.19,-0.54,-0.34,0.63,-0.04,0.003
31/05/2017,-0.02,-0.04,-0.53,0.28,-0.09,0.003
01/06/2017,0.95,1.03,0.04,-0.2,0.05,0.003
02/06/2017,0.35,0.44,-0.76,0.15,-0.48,0.003
05/06/2017,-0.17,-0.46,-0.03,-0.17,0.05,0.003
06/06/2017,-0.28,0.1,-0.03,-0.47,0.38,0.003
07/06/2017,0.15,-0.12,-0.04,0.53,-0.67,0.003
08/06/2017,0.18,1.19,0.93,-0.69,-0.05,0.003
09/06/2017,-0.12,0.31,2.44,-0.15,1.09,0.003
12/06/2017,-0.11,-0.17,0.34,0.08,0.57,0.003
13/06/2017,0.55,0.06,-0.14,-0.3,-0.08,0.003
14/06/2017,-0.17,-0.55,-0.52,0.12,-0.52,0.003
15/06/2017,-0.3,-0.31,-0.11,0.08,-0.1,0.003
16/06/2017,-0.03,-0.25,-0.15,-0.46,0.16,0.003
19/06/2017,0.86,0.1,-0.75,-0.11,-0.1,0.003
20/06/2017,-0.73,-0.45,-0.48,-0.21,-0.23,0.003
21/06/2017,-0.07,-0.23,-1.67,-0.23,-1.15,0.003
22/06/2017,0.02,0.46,-0.4,-0.17,-0.03,0.003
23/06/2017,0.24,0.75,-0.48,-0.37,0.08,0.003
26/06/2017,0.04,0.09,0.7,0.22,0.18,0.003
27/06/2017,-0.85,-0.21,1.34,0.34,0.35,0.003
28/06/2017,1.02,0.8,0.21,-0.2,-0.1,0.003
29/06/2017,-0.83,0.05,1.37,-0.23,0.34,0.003
30/06/2017,0.14,-0.09,-0.29,0.21,0.3,0.003
03/07/2017,0.24,0.44,1.21,-0.53,0.71,0.004
05/07/2017,0.12,-0.69,-0.58,0.14,-0.67,0.004
06/07/2017,-0.95,-0.44,0.12,0.21,-0.08,0.004
07/07/2017,0.7,0.4,-0.41,0.18,-0.5,0.004
10/07/2017,0.05,-0.47,-0.08,-0.12,-0.01,0.004
11/07/2017,0,0.29,-0.55,-0.33,0.18,0.004
12/07/2017,0.72,0.06,-0.53,0.12,-0.21,0.004
13/07/2017,0.17,-0.01,0.39,-0.04,0.18,0.004
14/07/2017,0.42,-0.22,-0.52,0.16,-0.01,0.004
17/07/2017,0,0.22,0.1,0.18,0.08,0.004
18/07/2017,0.04,-0.37,-0.31,-0.09,-0.42,0.004
19/07/2017,0.59,0.46,0.03,-0.23,0.2,0.004
20/07/2017,-0.01,0.05,-0.04,0.12,-0.28,0.004
21/07/2017,-0.08,-0.42,-0.24,-0.01,-0.33,0.004
24/07/2017,-0.03,0.11,-0.19,-0.24,-0.41,0.004
25/07/2017,0.38,0.44,0.96,-0.19,0.65,0.004
26/07/2017,-0.06,-0.49,-0.77,-0.16,0.07,0.004
27/07/2017,-0.14,-0.68,0.44,0.28,0.35,0.004
28/07/2017,-0.17,-0.06,0.26,-0.21,0.25,0.004
31/07/2017,-0.11,-0.28,0.43,-0.07,0.04,0.004
01/08/2017,0.24,-0.13,0.14,0.27,-0.49,0.004
02/08/2017,-0.08,-1.16,0.14,0.04,-0.38,0.004
03/08/2017,-0.21,-0.35,-0.33,0.28,-0.35,0.004
04/08/2017,0.25,0.36,0.39,-0.03,0.08,0.004
07/08/2017,0.16,-0.1,-0.58,0.23,-0.36,0.004
08/08/2017,-0.24,-0.08,0.24,-0.33,-0.19,0.004
09/08/2017,-0.14,-0.8,-0.07,0.14,0.04,0.004
10/08/2017,-1.49,-0.31,0.27,0.3,0.11,0.004
11/08/2017,0.19,0.17,-0.87,0.36,-0.08,0.004
14/08/2017,1.03,0.33,0.13,-0.05,-0.46,0.004
15/08/2017,-0.11,-0.87,-0.03,-0.17,-0.25,0.004
16/08/2017,0.18,-0.14,-0.44,0.33,-0.14,0.004
17/08/2017,-1.6,-0.18,-0.17,-0.04,0.14,0.004
18/08/2017,-0.15,0.11,0.24,-0.27,-0.01,0.004
21/08/2017,0.06,-0.27,-0.22,0.2,-0.14,0.004
22/08/2017,1.06,-0.02,-0.24,-0.17,0.18,0.004
23/08/2017,-0.33,0.12,0.41,-0.49,0.12,0.004
24/08/2017,-0.14,0.57,0.17,-0.49,0.21,0.004
25/08/2017,0.18,0.16,0.56,0.12,0.24,0.004
28/08/2017,0.08,0.31,-0.73,0.18,-0.1,0.004
29/08/2017,0.1,0.09,-0.38,0,0.08,0.004
30/08/2017,0.53,0,-0.31,0.1,-0.38,0.004
31/08/2017,0.62,0.38,-0.43,-0.3,0.06,0.004
01/09/2017,0.27,0.43,0.41,-0.08,0.35,0.005
05/09/2017,-0.81,-0.03,-0.98,-0.06,0.49,0.005
06/09/2017,0.28,-0.05,0.12,-0.37,0.16,0.005
07/09/2017,-0.07,0.01,-0.92,0.03,0.12,0.005
08/09/2017,-0.16,0.13,0.38,0.21,-0.11,0.005
11/09/2017,1.08,-0.06,0.64,-0.32,-0.09,0.005
12/09/2017,0.44,0.33,0.72,0.09,0.18,0.005
13/09/2017,0.11,0.27,0.33,-0.34,0.13,0.005
14/09/2017,-0.12,-0.07,-0.06,-0.32,0.24,0.005
15/09/2017,0.19,0.25,0.14,0.29,-0.03,0.005
18/09/2017,0.24,0.4,0.21,-0.48,0.25,0.005
19/09/2017,0.15,-0.2,0.39,0.04,0.05,0.005
20/09/2017,0.16,0.27,0.49,-0.18,0.31,0.005
21/09/2017,-0.28,0.15,0.37,-0.05,-0.06,0.005
22/09/2017,0.12,0.43,0.12,0.39,0.32,0.005
25/09/2017,-0.25,0.35,0.6,-0.22,0.62,0.005
26/09/2017,0.05,0.47,0.17,0.57,-0.17,0.005
27/09/2017,0.63,1.43,0.23,-0.28,-0.48,0.005
28/09/2017,0.13,0.17,-0.04,-0.1,-0.15,0.005
29/09/2017,0.35,-0.14,-0.26,-0.11,-0.32,0.005
02/10/2017,0.5,0.88,0.13,-0.21,0.24,0.004
03/10/2017,0.26,-0.03,-0.04,-0.02,-0.09,0.004
04/10/2017,0.05,-0.34,-0.45,-0.11,0.04,0.004
05/10/2017,0.55,-0.31,0.38,-0.31,-0.18,0.004
06/10/2017,-0.08,-0.08,-0.26,0.17,-0.37,0.004
09/10/2017,-0.22,-0.28,0,0.11,-0.21,0.004
10/10/2017,0.24,0.04,0.43,0.11,-0.1,0.004
11/10/2017,0.16,-0.25,-0.19,-0.05,-0.09,0.004
12/10/2017,-0.18,-0.11,-0.52,0.17,0.09,0.004
13/10/2017,0.04,-0.3,0.1,0.21,-0.01,0.004
16/10/2017,0.17,-0.29,0.33,0.03,-0.08,0.004
17/10/2017,0.01,-0.34,-0.3,0.41,-0.17,0.004
18/10/2017,0.14,0.35,0.22,0.31,-0.14,0.004
19/10/2017,0.02,-0.35,0.17,0.14,0.09,0.004
20/10/2017,0.57,0,0.27,0.09,-0.01,0.004
23/10/2017,-0.45,-0.36,0.18,0.26,-0.36,0.004
24/10/2017,0.2,-0.1,0.5,0.01,-0.11,0.004
25/10/2017,-0.51,0.05,0.16,0.24,-0.49,0.004
26/10/2017,0.2,0.07,0.3,0.15,-0.17,0.004
27/10/2017,0.82,-0.06,-0.96,0.08,-1.22,0.004
30/10/2017,-0.46,-0.79,-0.04,-0.57,-0.29,0.004
31/10/2017,0.23,0.77,-0.24,-0.2,0.13,0.004
01/11/2017,0.05,-0.8,0.08,0,-0.06,0.004
02/11/2017,0.06,0.02,0.5,-0.25,0.29,0.004
03/11/2017,0.31,-0.54,-0.72,-0.15,-0.09,0.004
06/11/2017,0.06,0.15,0.2,-0.65,0.19,0.004
07/11/2017,-0.2,-1.43,-0.41,0.47,-0.13,0.004
08/11/2017,0.12,-0.04,-0.59,0.56,-0.1,0.004
09/11/2017,-0.41,0,0.24,0,0.06,0.004
10/11/2017,0.01,0.07,-0.42,0.21,0.11,0.004
13/11/2017,0.09,-0.29,0.09,0.03,-0.8,0.004
14/11/2017,-0.22,-0.06,0.01,0.94,-0.5,0.004
15/11/2017,-0.52,0.05,0.23,-0.05,0.16,0.004
16/11/2017,1.01,0.85,-0.54,0.55,-0.04,0.004
17/11/2017,-0.14,0.72,0.29,-0.17,0.46,0.004
20/11/2017,0.21,0.62,0.02,0.26,0,0.004
21/11/2017,0.67,0.36,-0.33,0.03,-0.57,0.004
22/11/2017,-0.05,0.08,-0.07,-0.22,0.23,0.004
24/11/2017,0.21,0,-0.43,0.04,-0.07,0.004
27/11/2017,-0.06,-0.3,0.01,0.6,-0.16,0.004
28/11/2017,1.06,0.56,0.87,0.29,-0.01,0.004
29/11/2017,0.02,0.35,1.5,0.76,0.5,0.004
30/11/2017,0.82,-0.61,-0.51,-0.2,0.14,0.004
01/12/2017,-0.22,-0.32,0.38,-0.41,0.37,0.004
04/12/2017,-0.1,-0.13,1.23,0.95,0.53,0.004
05/12/2017,-0.43,-0.47,-0.23,0.22,-0.18,0.004
06/12/2017,-0.09,-0.51,-0.53,0.41,-0.52,0.004
07/12/2017,0.42,0.27,-0.2,-0.23,0.12,0.004
08/12/2017,0.51,-0.45,-0.13,-0.07,0.16,0.004
11/12/2017,0.26,-0.44,-0.19,-0.05,0.07,0.004
12/12/2017,0.07,-0.44,0.5,0.03,0.09,0.004
13/12/2017,0.02,0.62,-0.89,0.28,-0.07,0.004
14/12/2017,-0.47,-0.76,-0.22,-0.17,-0.13,0.004
15/12/2017,0.92,0.68,0.05,0.32,-0.47,0.004
18/12/2017,0.67,0.82,0.27,0.22,0.16,0.004
19/12/2017,-0.3,-0.33,-0.24,0.26,0.38,0.004
20/12/2017,0.01,0.37,0.07,-0.16,0.35,0.004
21/12/2017,0.24,0.3,0.62,-0.71,0.32,0.004
22/12/2017,-0.07,-0.2,-0.21,-0.1,0.21,0.004
26/12/2017,-0.07,0.31,-0.07,-0.13,0.58,0.004
27/12/2017,0.05,-0.16,-0.2,0.09,-0.15,0.004
28/12/2017,0.22,0.1,0.05,-0.14,-0.21,0.004
29/12/2017,-0.57,-0.31,0,0.17,0.17,0.004
02/01/2018,0.85,0.3,-0.22,-0.5,0.31,0.006
03/01/2018,0.59,-0.46,-0.18,-0.7,-0.06,0.006
04/01/2018,0.42,-0.22,0.24,-0.02,0.31,0.006
05/01/2018,0.66,-0.37,-0.26,0.37,-0.38,0.006
08/01/2018,0.19,-0.19,0.05,-0.07,0.01,0.006
09/01/2018,0.15,-0.39,-0.04,-0.13,0.03,0.006
10/01/2018,-0.07,0.14,0.57,-0.33,0.03,0.006
11/01/2018,0.87,1.13,0.31,-0.22,0.59,0.006
12/01/2018,0.66,-0.33,0.16,-0.1,0.18,0.006
16/01/2018,-0.49,-0.99,0.01,0.44,-0.4,0.006
17/01/2018,0.95,-0.05,-0.1,-0.08,-0.1,0.006
18/01/2018,-0.18,-0.43,-0.25,0.29,-0.38,0.006
19/01/2018,0.57,0.93,-0.04,0.07,0.12,0.006
22/01/2018,0.77,-0.35,-0.16,-0.54,0.23,0.006
23/01/2018,0.22,0.07,-0.36,-0.38,-0.26,0.006
24/01/2018,-0.13,-0.75,0.44,0,0.1,0.006
25/01/2018,0.07,0.11,-0.54,0.19,-0.19,0.006
26/01/2018,1.11,-0.61,-0.51,0.29,-0.17,0.006
29/01/2018,-0.62,0,-0.25,0.14,-0.37,0.006
30/01/2018,-1.06,0.12,-0.21,0.38,-0.41,0.006
31/01/2018,-0.07,-0.68,0.11,0.1,-0.03,0.006
01/02/2018,0.03,0.12,0.54,-0.53,0,0.006
02/02/2018,-2.13,0.01,-0.29,0.61,-0.51,0.006
05/02/2018,-4.03,0.65,-0.58,0.17,-0.07,0.006
06/02/2018,1.67,-0.48,-0.18,0.05,-0.02,0.006
07/02/2018,-0.38,0.61,0.21,0.34,0.23,0.006
08/02/2018,-3.68,0.8,0.52,0.41,-0.04,0.006
09/02/2018,1.36,-0.55,0.15,0.17,-0.32,0.006
12/02/2018,1.36,-0.47,-0.29,-0.24,-0.08,0.006
13/02/2018,0.31,0.13,-0.24,0.21,-0.11,0.006
14/02/2018,1.52,0.29,0.49,-0.67,-0.04,0.006
15/02/2018,1.21,-0.16,-0.63,0.19,-0.34,0.006
16/02/2018,0.03,0.37,0.16,0.03,0.05,0.006
20/02/2018,-0.62,-0.35,-0.24,-0.27,-0.14,0.006
21/02/2018,-0.43,0.8,0.23,0.07,-0.19,0.006
22/02/2018,0.01,-0.04,-0.41,0.13,0.48,0.006
23/02/2018,1.54,-0.38,-0.15,-0.17,-0.07,0.006
26/02/2018,1.12,-0.48,-0.07,-0.16,-0.24,0.006
27/02/2018,-1.25,-0.2,0.03,-0.09,-0.07,0.006
28/02/2018,-1.11,-0.43,-0.31,0.21,-0.26,0.006
01/03/2018,-1.19,0.97,-0.02,-0.24,0.05,0.005
02/03/2018,0.7,1.11,-0.49,-0.41,-0.35,0.005
05/03/2018,1.06,-0.41,0.23,-0.59,0.09,0.005
06/03/2018,0.36,0.69,0.12,0.22,-0.02,0.005
07/03/2018,0.05,0.76,-0.44,-0.04,-0.31,0.005
08/03/2018,0.37,-0.57,-0.36,0.01,-0.18,0.005
09/03/2018,1.7,-0.2,0.28,-0.26,0.01,0.005
12/03/2018,-0.09,0.44,-0.08,-0.34,-0.23,0.005
13/03/2018,-0.67,0.09,0.03,0.48,0,0.005
14/03/2018,-0.53,0.15,-0.57,-0.11,-0.39,0.005
15/03/2018,-0.18,-0.38,0.32,0.14,-0.12,0.005
16/03/2018,0.25,0.47,0.18,0.06,0.29,0.005
19/03/2018,-1.38,0.41,0.41,0.32,0.1,0.005
20/03/2018,0.15,-0.13,-0.36,-0.01,-0.07,0.005
21/03/2018,-0.06,0.69,0.45,-1.08,0.87,0.005
22/03/2018,-2.54,0.4,-0.49,0.22,0.01,0.005
23/03/2018,-2.09,0.09,-0.23,0.13,0.77,0.005
26/03/2018,2.67,-0.62,0.03,0,-0.61,0.005
27/03/2018,-1.87,-0.23,0.37,0.78,0.53,0.005
28/03/2018,-0.35,0.21,0.65,0.75,-0.08,0.005
29/03/2018,1.41,-0.31,-0.22,-0.37,-0.16,0.005
02/04/2018,-2.29,-0.09,0.36,0.17,-0.07,0.007
03/04/2018,1.24,-0.02,0.19,0.26,0.19,0.007
04/04/2018,1.17,0.34,-0.32,0.07,-0.13,0.007
05/04/2018,0.75,0.05,0.46,0.11,0.28,0.007
06/04/2018,-2.19,0.37,-0.06,0.14,-0.04,0.007
09/04/2018,0.3,-0.24,-0.53,-0.75,-0.28,0.007
10/04/2018,1.77,0.33,-0.12,-0.84,0.55,0.007
11/04/2018,-0.49,0.79,-0.31,-0.61,0.3,0.007
12/04/2018,0.84,-0.17,0.18,-0.22,0.08,0.007
13/04/2018,-0.37,-0.1,-0.24,-0.07,0.2,0.007
16/04/2018,0.82,0.15,-0.02,0.8,0.03,0.007
17/04/2018,1.09,0.01,-1.18,-0.24,-0.4,0.007
18/04/2018,0.13,0.2,0.02,-0.28,0.49,0.007
19/04/2018,-0.49,-0.3,1.08,-0.48,0.07,0.007
20/04/2018,-0.81,0.1,0.58,-0.54,0.28,0.007
23/04/2018,-0.05,-0.07,0.2,0.29,0.11,0.007
24/04/2018,-1.3,0.65,1.02,0.04,0.1,0.007
25/04/2018,0.1,-0.27,0.08,0.4,0.14,0.007
26/04/2018,0.96,-0.54,-0.85,-0.53,-0.42,0.007
27/04/2018,0.01,-0.26,0.03,0.62,0.09,0.007
30/04/2018,-0.8,-0.07,-0.1,-0.41,-0.07,0.007
01/05/2018,0.24,0.24,-0.54,-0.04,-0.96,0.006
02/05/2018,-0.63,1.25,-0.36,0.04,0.02,0.006
03/05/2018,-0.25,-0.61,-0.15,0.05,-0.12,0.006
04/05/2018,1.3,-0.02,-0.2,-0.43,0,0.006
07/05/2018,0.42,0.37,-0.34,-0.52,-0.22,0.006
08/05/2018,0.07,0.51,0.24,-0.25,0.08,0.006
09/05/2018,0.89,-0.28,0.26,-0.89,0.14,0.006
10/05/2018,0.85,-0.38,-0.04,0.23,-0.34,0.006
11/05/2018,0.19,0.14,-0.38,0.25,0.12,0.006
14/05/2018,0.05,-0.3,0.1,-0.19,0.49,0.006
15/05/2018,-0.55,0.71,0.41,-0.07,0.38,0.006
16/05/2018,0.5,0.7,-0.25,0.35,0.06,0.006
17/05/2018,0.02,0.86,0.3,-0.35,0.43,0.006
18/05/2018,-0.23,0.45,-0.61,0.12,-0.18,0.006
21/05/2018,0.72,-0.18,0.44,0.17,0.11,0.006
22/05/2018,-0.42,-0.65,0.61,-0.32,-0.41,0.006
23/05/2018,0.29,-0.06,-0.7,0,-0.33,0.006
24/05/2018,-0.16,0.33,-0.35,0.5,0.11,0.006
25/05/2018,-0.21,0.24,-0.4,0.55,-0.59,0.006
29/05/2018,-1.04,1.11,-1.02,0.19,-0.01,0.006
30/05/2018,1.31,0.04,0.37,-0.72,0.18,0.006
31/05/2018,-0.7,0.05,-0.43,-0.5,-0.13,0.006
01/06/2018,1.06,-0.21,-0.11,-0.06,-0.17,0.006
04/06/2018,0.48,0.18,-0.45,1.03,-0.42,0.006
05/06/2018,0.17,0.78,-0.44,0.21,0.16,0.006
06/06/2018,0.86,-0.27,0.2,-0.03,0.17,0.006
07/06/2018,-0.14,-0.26,0.93,0.17,0.59,0.006
08/06/2018,0.31,0.04,-0.4,0.24,-0.19,0.006
11/06/2018,0.12,0.15,-0.17,0.2,0.24,0.006
12/06/2018,0.23,0.18,-0.63,0.08,-0.15,0.006
13/06/2018,-0.33,0.03,-0.2,-0.53,-0.19,0.006
14/06/2018,0.27,0.2,-1,-0.04,-0.61,0.006
15/06/2018,-0.08,0.12,-0.25,0.66,-0.22,0.006
18/06/2018,-0.09,0.74,0.08,-0.41,0.1,0.006
19/06/2018,-0.38,0.54,-0.14,-0.24,-0.46,0.006
20/06/2018,0.23,0.66,-0.51,-0.15,0.1,0.006
21/06/2018,-0.73,-0.55,0.33,0.45,0,0.006
22/06/2018,0.11,-0.08,0.46,-0.52,0.92,0.006
25/06/2018,-1.48,-0.45,0.57,0.63,-0.02,0.006
26/06/2018,0.27,0.51,-0.24,-0.48,0.13,0.006
27/06/2018,-1.02,-1.01,0.36,-0.06,0.47,0.006
28/06/2018,0.58,-0.21,-0.51,-0.18,-0.51,0.006
29/06/2018,0.07,-0.24,-0.24,-0.24,0,0.006
02/07/2018,0.36,0.45,-0.25,-0.08,-0.54,0.008
03/07/2018,-0.44,0.76,-0.02,-0.29,0.46,0.008
05/07/2018,0.87,0.39,-0.43,0.33,-0.17,0.008
06/07/2018,0.88,-0.02,-0.3,-0.25,-0.13,0.008
09/07/2018,0.93,-0.29,0.85,0.03,-0.22,0.008
10/07/2018,0.21,-0.82,-0.17,0.1,0.27,0.008
11/07/2018,-0.69,-0.06,-0.45,-0.12,-0.29,0.008
12/07/2018,0.86,-0.44,-1.14,-0.05,-0.46,0.008
13/07/2018,0.08,-0.18,-0.3,0.34,0.19,0.008
16/07/2018,-0.16,-0.61,0.98,-0.2,-0.14,0.008
17/07/2018,0.48,0.17,-0.76,0.11,-0.24,0.008
18/07/2018,0.27,-0.14,0.67,-0.15,-0.17,0.008
19/07/2018,-0.34,0.91,-0.36,0.16,0.04,0.008
20/07/2018,-0.1,-0.17,0.12,0.11,-0.22,0.008
23/07/2018,0.15,-0.2,0.55,-0.22,-0.18,0.008
24/07/2018,0.22,-1.32,0.39,0.49,0.09,0.008
25/07/2018,0.83,-0.59,-1.06,0.08,-0.37,0.008
26/07/2018,-0.2,0.76,0.57,-0.04,0.6,0.008
27/07/2018,-0.82,-1.21,1.06,0.52,0.48,0.008
30/07/2018,-0.7,0.01,1.57,0.32,1,0.008
31/07/2018,0.51,0.73,-1.11,0.28,0.25,0.008
01/08/2018,-0.13,-0.02,-0.19,-0.19,-0.79,0.007
02/08/2018,0.67,0.17,-0.67,0.01,-0.58,0.007
03/08/2018,0.31,-0.93,0.52,0.63,0.35,0.007
06/08/2018,0.46,0.22,-0.34,-0.31,-0.21,0.007
07/08/2018,0.29,-0.02,-0.17,-0.31,-0.15,0.007
08/08/2018,-0.04,-0.11,0.27,-0.02,-0.07,0.007
09/08/2018,-0.05,0.34,-0.35,0.02,-0.25,0.007
10/08/2018,-0.6,0.31,-0.21,-0.26,0.22,0.007
13/08/2018,-0.46,-0.21,-0.29,0.3,0.02,0.007
14/08/2018,0.69,0.32,0.21,0.34,0.18,0.007
15/08/2018,-0.91,-0.52,-0.13,0.63,-0.1,0.007
16/08/2018,0.86,-0.04,0.25,-0.08,0.4,0.007
17/08/2018,0.3,0.13,0.01,0.22,0.2,0.007
20/08/2018,0.25,0.15,0.14,0.11,0.13,0.007
21/08/2018,0.33,0.92,0.12,-0.23,-0.23,0.007
22/08/2018,0.05,0.29,-0.35,-0.5,-0.27,0.007
23/08/2018,-0.19,-0.1,-0.32,0,-0.19,0.007
24/08/2018,0.62,-0.08,-0.58,-0.3,-0.19,0.007
27/08/2018,0.74,-0.62,-0.16,-0.21,-0.37,0.007
28/08/2018,-0.01,-0.11,-0.24,0.1,-0.06,0.007
29/08/2018,0.56,-0.14,-0.58,-0.15,-0.28,0.007
30/08/2018,-0.41,0.23,-0.42,-0.22,-0.13,0.007
31/08/2018,0.08,0.45,-0.38,0.15,-0.13,0.007
04/09/2018,-0.11,-0.34,0.01,-0.05,-0.15,0.008
05/09/2018,-0.41,-0.04,0.66,0.46,0.59,0.008
06/09/2018,-0.44,-0.36,-0.24,0.42,0.33,0.008
07/09/2018,-0.18,0.08,-0.21,0.03,0.05,0.008
10/09/2018,0.23,0.08,-0.37,0.08,-0.25,0.008
11/09/2018,0.37,-0.34,-0.24,-0.13,-0.39,0.008
12/09/2018,0.03,-0.12,-0.23,0.04,0.54,0.008
13/09/2018,0.45,-0.49,-0.4,0.04,-0.04,0.008
14/09/2018,0.12,0.31,0.25,-0.11,-0.06,0.008
17/09/2018,-0.71,-0.35,0.83,0.32,0.74,0.008
18/09/2018,0.57,0.03,-0.48,-0.24,-0.22,0.008
19/09/2018,0.06,-0.5,1.28,-0.45,-0.01,0.008
20/09/2018,0.77,0.29,-0.22,0.07,-0.09,0.008
21/09/2018,-0.13,-0.42,0.3,0.26,0.65,0.008
24/09/2018,-0.31,-0.05,-0.9,-0.48,-0.29,0.008
25/09/2018,-0.05,0.2,-0.38,-0.34,-0.07,0.008
26/09/2018,-0.4,-0.48,-0.63,0.48,0.11,0.008
27/09/2018,0.27,-0.34,-0.55,0.11,-0.34,0.008
28/09/2018,-0.03,0.34,-0.2,0.11,0.18,0.008
01/10/2018,0.16,-1.62,0.34,-0.12,0.04,0.008
02/10/2018,-0.21,-0.94,0.59,0.13,0.36,0.008
03/10/2018,0.2,0.89,0.51,-0.36,-0.21,0.008
04/10/2018,-0.93,-0.8,1.57,0.13,0.77,0.008
05/10/2018,-0.64,-0.41,0.38,-0.38,0.41,0.008
08/10/2018,-0.17,-0.24,1.22,0.52,0.64,0.008
09/10/2018,-0.18,-0.41,0.28,-0.51,0.22,0.008
10/10/2018,-3.33,0.41,1.1,0.22,0.78,0.008
11/10/2018,-1.96,0.37,-0.92,0.43,-0.54,0.008
12/10/2018,1.38,-1.11,-1.74,0.07,-0.43,0.008
15/10/2018,-0.48,1,0.51,0.37,0.49,0.008
16/10/2018,2.24,0.57,-1.43,-0.24,-0.69,0.008
17/10/2018,-0.08,-0.62,0.25,-0.24,0.17,0.008
18/10/2018,-1.54,-0.53,0.42,-0.33,0.38,0.008
19/10/2018,-0.25,-1.27,0.71,0.45,0.56,0.008
22/10/2018,-0.38,0.36,-1.25,1.1,-0.17,0.008
23/10/2018,-0.62,-0.18,-0.41,0.1,-0.09,0.008
24/10/2018,-3.33,-0.83,0.77,0.31,1.25,0.008
25/10/2018,1.93,0.31,-0.58,-0.19,-1.09,0.008
26/10/2018,-1.65,0.59,0.35,-0.35,0.5,0.008
29/10/2018,-0.77,-0.1,1.62,-0.01,0.97,0.008
30/10/2018,1.66,0.45,0.08,0.37,0.32,0.008
31/10/2018,1.22,-0.7,-0.74,-0.41,-0.95,0.008
01/11/2018,1.29,1.22,-1.14,-0.24,-0.49,0.008
02/11/2018,-0.53,0.85,0.67,-0.47,0.23,0.008
05/11/2018,0.4,-0.88,1.55,-0.49,0.76,0.008
06/11/2018,0.58,-0.15,0.03,0.3,0.2,0.008
07/11/2018,2.11,-0.51,-1.06,-0.39,-0.81,0.008
08/11/2018,-0.28,-0.17,0.26,0.37,0.33,0.008
09/11/2018,-1.04,-0.85,0.41,0.63,0.66,0.008
12/11/2018,-2.06,0.1,0.85,0.53,0.88,0.008
13/11/2018,-0.13,-0.05,0.16,0.21,-0.3,0.008
14/11/2018,-0.77,0.03,-0.29,0.59,0.1,0.008
15/11/2018,1.18,0.31,-0.41,-0.83,-0.7,0.008
16/11/2018,0.15,-0.02,-0.05,-0.78,0.18,0.008
19/11/2018,-1.88,-0.39,2.3,0.21,1.23,0.008
20/11/2018,-1.85,0.02,-0.53,-0.36,-0.31,0.008
21/11/2018,0.51,0.95,-0.34,-0.34,0.01,0.008
23/11/2018,-0.55,0.76,-0.59,0.29,-0.06,0.008
26/11/2018,1.62,-0.69,-0.2,-0.41,-0.73,0.008
27/11/2018,0.11,-1.06,0.26,0.6,0.13,0.008
28/11/2018,2.42,0.31,-1.16,0.07,-0.93,0.008
29/11/2018,-0.22,-0.21,-0.1,-0.49,0.04,0.008
30/11/2018,0.78,-0.38,-0.43,0.24,-0.27,0.008
03/12/2018,1.13,-0.1,-0.8,-0.24,-0.54,0.011
04/12/2018,-3.45,-1.03,-0.21,-0.13,0.95,0.011
06/12/2018,-0.16,-0.05,-1.05,0.14,-0.32,0.011
07/12/2018,-2.36,0.27,1.32,-0.48,0.63,0.011
10/12/2018,0.1,-0.36,-1.62,0.28,-0.31,0.011
11/12/2018,-0.08,-0.15,-0.4,0.17,-0.07,0.011
12/12/2018,0.68,0.5,-0.19,-0.23,-0.08,0.011
13/12/2018,-0.26,-1.55,-0.19,0.2,0.04,0.011
14/12/2018,-1.89,0.09,0.5,-0.21,0.62,0.011
17/12/2018,-2.13,-0.12,1.09,0.26,0.17,0.011
18/12/2018,-0.03,-0.04,-0.6,0.91,-0.47,0.011
19/12/2018,-1.58,-0.6,0.04,-0.37,0.42,0.011
20/12/2018,-1.62,-0.12,0.98,0.61,-0.08,0.011
21/12/2018,-2.17,-0.53,0.77,0.12,0.64,0.011
24/12/2018,-2.55,0.92,-0.48,-0.33,-0.33,0.011
26/12/2018,5.06,-0.2,-1.02,-0.21,-1.08,0.011
27/12/2018,0.78,-0.71,-0.12,-0.14,0.1,0.011
28/12/2018,-0.03,0.75,0.26,-0.37,-0.06,0.011
31/12/2018,0.9,-0.14,-0.46,-0.09,-0.13,0.011
02/01/2019,0.23,0.74,1.11,-0.12,0.27,0.01
03/01/2019,-2.45,0.48,1.2,-0.22,0.89,0.01
04/01/2019,3.55,0.36,-0.7,-0.11,-0.59,0.01
07/01/2019,0.94,0.87,-0.75,-0.72,-0.45,0.01
08/01/2019,1.01,0.44,-0.63,0.31,-0.09,0.01
09/01/2019,0.56,0.5,0.1,0.08,-0.2,0.01
10/01/2019,0.42,0,-0.46,-0.06,-0.04,0.01
11/01/2019,-0.01,0.2,0.22,0.23,0.25,0.01
14/01/2019,-0.6,-0.45,0.94,0.24,-0.01,0.01
15/01/2019,1.06,-0.14,-0.88,-0.3,-0.57,0.01
16/01/2019,0.28,0.25,0.92,-0.11,-0.23,0.01
17/01/2019,0.75,0.09,-0.24,0.06,0,0.01
18/01/2019,1.29,-0.29,0.12,0.2,-0.27,0.01
22/01/2019,-1.53,-0.35,0.32,0.26,0.34,0.01
23/01/2019,0.15,-0.41,-0.13,0.35,0.29,0.01
24/01/2019,0.23,0.48,-0.01,-0.15,-0.19,0.01
25/01/2019,0.9,0.42,-0.35,-0.35,-0.58,0.01
28/01/2019,-0.8,-0.07,0.63,0.28,0.16,0.01
29/01/2019,-0.19,0.03,0.17,0.04,0.46,0.01
30/01/2019,1.51,-0.35,-0.94,-0.24,-0.87,0.01
31/01/2019,0.92,-0.06,-1.08,-0.37,-0.01,0.01
01/02/2019,0.14,-0.16,0.43,-0.74,0.3,0.01
04/02/2019,0.72,0.41,-0.47,0.19,-0.21,0.01
05/02/2019,0.43,-0.12,-0.6,0.61,-0.34,0.01
06/02/2019,-0.22,-0.03,0.07,-0.11,0.09,0.01
07/02/2019,-0.93,-0.14,0.4,0.54,0.27,0.01
08/02/2019,0.09,-0.08,-0.69,-0.34,-0.12,0.01
11/02/2019,0.14,0.67,0.23,-0.09,-0.02,0.01
12/02/2019,1.36,0.04,-0.16,-0.13,-0.28,0.01
13/02/2019,0.28,0.06,0.07,0.12,0.23,0.01
14/02/2019,-0.21,0.52,-0.58,0.41,-0.18,0.01
15/02/2019,1.13,0.38,0.47,-0.21,0.01,0.01
19/02/2019,0.19,0.31,0.3,0.03,0.22,0.01
20/02/2019,0.19,0.29,0.55,0.01,-0.27,0.01
21/02/2019,-0.37,-0.04,-0.22,0.57,0.13,0.01
22/02/2019,0.65,0.39,-1.47,0.29,-0.61,0.01
25/02/2019,0.15,-0.28,-0.18,-0.86,-0.5,0.01
26/02/2019,-0.16,-0.68,-0.33,0.09,-0.15,0.01
27/02/2019,0.09,0.15,-0.12,-0.68,-0.08,0.01
28/02/2019,-0.31,-0.02,-0.24,0.29,0.16,0.01
01/03/2019,0.72,0.25,-0.4,-0.36,-0.17,0.009
04/03/2019,-0.52,-0.39,0.37,0.15,-0.08,0.009
05/03/2019,-0.17,-0.32,-0.23,0.28,0,0.009
06/03/2019,-0.84,-1.23,0.05,0.56,0.13,0.009
07/03/2019,-0.82,-0.05,-0.33,-0.38,0.13,0.009
08/03/2019,-0.22,0.06,-0.16,-0.11,-0.28,0.009
11/03/2019,1.49,0.27,-0.53,-0.28,-0.47,0.009
12/03/2019,0.25,-0.31,-0.09,-0.43,0.02,0.009
13/03/2019,0.68,-0.32,0.07,-0.17,0.19,0.009
14/03/2019,-0.1,-0.38,0.3,-0.15,-0.1,0.009
15/03/2019,0.48,-0.24,-0.25,-0.03,-0.19,0.009
18/03/2019,0.46,0.23,0.44,-0.08,-0.07,0.009
19/03/2019,-0.09,-0.47,-0.93,0.01,-0.05,0.009
20/03/2019,-0.39,-0.23,-1.05,-0.21,-0.23,0.009
21/03/2019,1.11,0.17,-1.23,0.31,-0.34,0.009
22/03/2019,-2.17,-1.57,-0.07,0.56,0.6,0.009
25/03/2019,-0.05,0.6,-0.25,0.2,0.04,0.009
26/03/2019,0.76,0.23,0.46,0.05,0.19,0.009
27/03/2019,-0.5,0.17,0.5,0.76,0.1,0.009
28/03/2019,0.4,0.35,0.02,-0.13,-0.08,0.009
29/03/2019,0.66,-0.28,-0.92,0.2,-0.17,0.009
01/04/2019,1.19,-0.19,0.99,-0.06,-0.32,0.01
02/04/2019,-0.05,-0.18,-0.44,-0.38,-0.5,0.01
03/04/2019,0.27,0.23,-0.4,0.13,-0.4,0.01
04/04/2019,0.19,0.35,0.93,0.64,0.22,0.01
05/04/2019,0.52,0.49,-0.08,-0.28,0.1,0.01
08/04/2019,0.08,-0.31,0.1,0.28,-0.03,0.01
09/04/2019,-0.65,-0.6,-0.14,0.12,-0.04,0.01
10/04/2019,0.48,0.95,-0.1,0.09,-0.12,0.01
11/04/2019,0,-0.27,0.41,0.04,0.11,0.01
12/04/2019,0.65,-0.36,0.65,0.53,-0.26,0.01
15/04/2019,-0.09,-0.26,-0.53,0.36,0.08,0.01
16/04/2019,0.13,0.24,0.7,-0.08,-0.13,0.01
17/04/2019,-0.32,-0.53,0.83,1.13,-0.27,0.01
18/04/2019,0.11,-0.28,-0.51,0.14,-0.21,0.01
22/04/2019,0.11,-0.48,-0.56,-0.52,-0.16,0.01
23/04/2019,0.97,0.66,-0.48,-0.11,-0.44,0.01
24/04/2019,-0.23,0.31,-0.07,0.61,0.03,0.01
25/04/2019,-0.14,-0.8,-0.19,-0.64,-0.24,0.01
26/04/2019,0.53,0.47,0.07,-0.08,-0.19,0.01
29/04/2019,0.18,0.16,0.65,-0.38,-0.15,0.01
30/04/2019,-0.04,-0.68,0.28,0.11,0.7,0.01
01/05/2019,-0.83,-0.07,-0.02,0.34,-0.06,0.009
02/05/2019,-0.16,0.46,-0.27,0,0.05,0.009
03/05/2019,1.13,0.94,-0.27,-0.01,-0.34,0.009
06/05/2019,-0.39,0.58,-0.42,0.01,0.06,0.009
07/05/2019,-1.69,-0.27,0.5,0.03,0.31,0.009
08/05/2019,-0.22,-0.21,-0.32,-0.01,0.19,0.009
09/05/2019,-0.28,0.06,0.12,-0.35,0,0.009
10/05/2019,0.35,-0.33,0.08,-0.1,0.26,0.009
13/05/2019,-2.67,-0.68,0.28,0.23,0.83,0.009
14/05/2019,0.93,0.34,-0.02,-0.55,0,0.009
15/05/2019,0.58,-0.1,-0.96,0.13,-0.3,0.009
16/05/2019,0.91,-0.45,-0.32,-0.14,-0.23,0.009
17/05/2019,-0.73,-0.76,0.29,0.06,0.32,0.009
20/05/2019,-0.65,-0.11,0.72,0.06,0.42,0.009
21/05/2019,0.9,0.44,-0.35,-0.13,-0.19,0.009
22/05/2019,-0.4,-0.65,-0.6,-0.15,0.19,0.009
23/05/2019,-1.37,-0.72,-0.28,0.31,0.27,0.009
24/05/2019,0.23,0.51,0.31,-0.49,-0.03,0.009
28/05/2019,-0.78,0.21,-0.63,0.01,-0.26,0.009
29/05/2019,-0.71,-0.24,0.41,-0.18,0,0.009
30/05/2019,0.14,-0.38,-0.76,0.26,-0.04,0.009
31/05/2019,-1.37,-0.23,-0.1,0.02,0.4,0.009
03/06/2019,-0.4,0.58,1.66,0.28,1.39,0.009
04/06/2019,2.33,0.49,-0.03,0.29,-0.47,0.009
05/06/2019,0.7,-1.06,-0.97,0.06,-0.2,0.009
06/06/2019,0.55,-1.08,0.01,0.06,-0.07,0.009
07/06/2019,1.04,-0.14,-1.2,0.35,-0.65,0.009
10/06/2019,0.53,0.01,0.08,0.39,-0.36,0.009
11/06/2019,-0.12,-0.2,0.55,0.47,0.17,0.009
12/06/2019,-0.2,0.29,-0.99,0.06,0.1,0.009
13/06/2019,0.52,0.68,-0.04,-0.12,-0.05,0.009
14/06/2019,-0.27,-0.74,0.32,0.25,0.14,0.009
17/06/2019,0.15,0.49,-1.12,-0.67,-0.42,0.009
18/06/2019,1.04,0.19,0.33,-0.25,-0.19,0.009
19/06/2019,0.32,0.02,-0.6,-0.21,0.17,0.009
20/06/2019,0.89,-0.4,-0.23,-0.14,-0.12,0.009
21/06/2019,-0.21,-0.46,-0.03,-0.11,0.02,0.009
24/06/2019,-0.34,-0.9,0.08,0.64,-0.02,0.009
25/06/2019,-0.98,0.41,0.71,-0.1,0.57,0.009
26/06/2019,-0.06,0.02,0.25,0.37,-0.39,0.009
27/06/2019,0.6,1.43,-0.09,-0.34,-0.23,0.009
28/06/2019,0.68,0.77,0.61,-0.46,0.11,0.009
01/07/2019,0.75,-0.59,-0.13,-0.13,0.05,0.009
02/07/2019,0.14,-0.96,-0.81,-0.02,-0.02,0.009
03/07/2019,0.78,-0.13,-0.33,-0.35,-0.05,0.009
05/07/2019,-0.1,0.34,0.91,0.13,-0.05,0.009
08/07/2019,-0.58,-0.43,0.05,0.04,-0.26,0.009
09/07/2019,0.18,-0.24,-0.43,-0.65,-0.19,0.009
10/07/2019,0.4,-0.25,-0.36,0.11,-0.02,0.009
11/07/2019,0.19,-0.77,0.04,-0.24,-0.56,0.009
12/07/2019,0.53,0.32,0.41,0.59,-0.09,0.009
15/07/2019,-0.04,-0.47,-1.07,0.14,0.24,0.009
16/07/2019,-0.32,0.41,0.1,0.44,-0.02,0.009
17/07/2019,-0.64,-0.26,-0.65,-0.49,-0.23,0.009
18/07/2019,0.35,-0.27,0.02,-0.36,0.35,0.009
19/07/2019,-0.56,0.3,0.86,0.37,0.09,0.009
22/07/2019,0.25,-0.55,-0.49,-0.19,0,0.009
23/07/2019,0.65,-0.06,0.81,0.66,0.34,0.009
24/07/2019,0.66,0.92,0.86,-0.08,-0.09,0.009
25/07/2019,-0.63,-0.68,-0.12,0.16,0.05,0.009
26/07/2019,0.82,0.33,-0.19,-0.61,-0.25,0.009
29/07/2019,-0.32,-0.35,-0.46,0.31,0.38,0.009
30/07/2019,-0.17,1.42,0.89,-0.18,0.1,0.009
31/07/2019,-1.09,0.26,0.61,0.19,0.53,0.009
01/08/2019,-1.04,-0.76,-1.9,-0.54,-0.3,0.007
02/08/2019,-0.87,-0.26,0.06,0.15,0.19,0.007
05/08/2019,-3.07,0.05,0,-0.07,0.27,0.007
06/08/2019,1.29,-0.55,-0.59,-0.27,-0.25,0.007
07/08/2019,0.07,-0.1,-0.9,0.18,-0.18,0.007
08/08/2019,1.97,-0.03,-0.23,0.28,-0.31,0.007
09/08/2019,-0.78,-0.5,-0.22,-0.48,-0.02,0.007
12/08/2019,-1.32,0.21,-0.27,0.13,0.24,0.007
13/08/2019,1.47,-0.35,-0.53,0.35,-0.04,0.007
14/08/2019,-2.95,0.02,-0.51,-0.37,0.01,0.007
15/08/2019,0.16,-0.69,-0.53,-0.07,-0.46,0.007
16/08/2019,1.55,0.64,0.61,0.14,-0.06,0.007
19/08/2019,1.14,0.03,0.22,0.37,-0.01,0.007
20/08/2019,-0.75,0.18,-0.5,0.12,-0.18,0.007
21/08/2019,0.85,-0.03,-0.3,-0.03,-0.01,0.007
22/08/2019,-0.1,-0.35,0.49,0.22,0.26,0.007
23/08/2019,-2.66,-0.61,-0.18,-0.63,-0.24,0.007
26/08/2019,1.08,-0.04,-0.17,0.19,-0.15,0.007
27/08/2019,-0.46,-1,-0.67,0.26,0.07,0.007
28/08/2019,0.68,0.62,0.62,0.34,0.21,0.007
29/08/2019,1.35,0.4,0.34,0.17,-0.18,0.007
30/08/2019,0.03,-0.25,0.23,0.1,0.13,0.007
03/09/2019,-0.86,-0.93,0.1,-0.2,0.45,0.009
04/09/2019,1.08,-0.15,0.43,0.25,-0.07,0.009
05/09/2019,1.42,0.55,0.71,0.43,-0.01,0.009
06/09/2019,-0.02,-0.36,0.04,0.16,0.42,0.009
09/09/2019,0.07,1.36,3.06,0.87,0.42,0.009
10/09/2019,0.17,1.41,1.13,-0.03,0.59,0.009
11/09/2019,0.88,1.37,-0.04,-0.23,0.34,0.009
12/09/2019,0.22,-0.39,-0.13,-0.22,-0.18,0.009
13/09/2019,-0.01,0.18,0.74,-0.02,-0.1,0.009
16/09/2019,-0.23,0.88,0.53,-0.32,0.05,0.009
17/09/2019,0.17,-0.79,-1.19,-0.19,-0.35,0.009
18/09/2019,-0.05,-0.78,0.06,-0.12,0.04,0.009
19/09/2019,-0.05,-0.48,-0.46,0.04,-0.2,0.009
20/09/2019,-0.48,0.3,0.15,-0.59,0.08,0.009
23/09/2019,-0.02,-0.11,0.51,0.27,0.27,0.009
24/09/2019,-1.01,-0.75,0,0.17,0.45,0.009
25/09/2019,0.69,0.42,0.53,0.42,0,0.009
26/09/2019,-0.41,-0.98,0.11,0.36,0.29,0.009
27/09/2019,-0.62,-0.17,0.88,0.24,0.56,0.009
30/09/2019,0.5,-0.26,-0.48,0.62,-0.02,0.009
01/10/2019,-1.31,-0.65,-0.59,0.1,-0.19,0.007
02/10/2019,-1.73,0.77,-0.36,-0.47,-0.26,0.007
03/10/2019,0.8,-0.38,-0.89,-0.19,-0.18,0.007
04/10/2019,1.39,-0.51,-0.07,-0.02,0.04,0.007
07/10/2019,-0.41,0.13,-0.02,-0.06,-0.26,0.007
08/10/2019,-1.61,-0.15,-0.12,0.43,0.02,0.007
09/10/2019,0.92,-0.58,-0.09,0.13,-0.17,0.007
10/10/2019,0.59,-0.26,0.26,0.12,-0.09,0.007
11/10/2019,1.23,0.6,0.19,0.49,0.3,0.007
14/10/2019,-0.18,-0.35,-0.04,-0.17,-0.08,0.007
15/10/2019,1.03,0.25,-0.25,-0.22,-0.68,0.007
16/10/2019,-0.24,0.48,0.23,0.38,0.26,0.007
17/10/2019,0.37,0.79,-0.28,0.11,-0.04,0.007
18/10/2019,-0.49,-0.14,0.86,-0.08,0.38,0.007
21/10/2019,0.71,0.3,0.35,0.02,0.02,0.007
22/10/2019,-0.34,0.49,0.85,0.42,0.32,0.007
23/10/2019,0.25,-0.11,0.26,-0.01,0.08,0.007
24/10/2019,0.25,-0.5,-0.89,-0.06,-0.66,0.007
25/10/2019,0.51,0.39,0.08,0.34,-0.04,0.007
28/10/2019,0.62,0.28,-0.24,0.01,-0.04,0.007
29/10/2019,-0.13,0.4,0.51,-0.06,0.1,0.007
30/10/2019,0.27,-0.64,-1.16,-0.47,-0.02,0.007
31/10/2019,-0.38,-0.34,-0.44,-0.27,0.19,0.007
01/11/2019,1.08,0.65,0.83,-0.17,0.13,0.006
04/11/2019,0.4,0.32,1.35,0.62,0.12,0.006
05/11/2019,-0.03,0.38,0.45,0,-0.02,0.006
06/11/2019,-0.05,-0.8,0.23,-0.17,0.31,0.006
07/11/2019,0.38,-0.01,0.51,0.09,-0.21,0.006
08/11/2019,0.31,-0.01,-0.36,-0.13,0.06,0.006
11/11/2019,-0.19,-0.07,-0.19,-0.07,-0.08,0.006
12/11/2019,0.16,-0.19,-0.15,-0.17,-0.22,0.006
13/11/2019,0.01,-0.41,-0.82,-0.28,-0.03,0.006
14/11/2019,0.07,-0.15,-0.25,0.13,-0.35,0.006
15/11/2019,0.74,-0.29,-0.34,-0.01,0.05,0.006
18/11/2019,0.02,-0.36,-0.51,-0.03,-0.32,0.006
19/11/2019,0.02,0.35,-0.94,-0.86,-0.22,0.006
20/11/2019,-0.33,-0.14,-0.45,-0.55,-0.29,0.006
21/11/2019,-0.14,-0.31,0.1,0.08,-0.1,0.006
22/11/2019,0.24,0.16,0.22,0.18,0.05,0.006
25/11/2019,0.92,1.27,-0.38,0.11,0.02,0.006
26/11/2019,0.19,-0.09,-0.9,0.2,-0.25,0.006
27/11/2019,0.44,0.22,-0.03,0.03,-0.02,0.006
29/11/2019,-0.42,-0.11,-0.31,-0.47,0,0.006
02/12/2019,-0.87,-0.13,0.48,0.09,0.2,0.007
03/12/2019,-0.66,0.42,-0.83,-0.51,-0.55,0.007
04/12/2019,0.6,0.21,0.24,0.16,0.09,0.007
05/12/2019,0.13,-0.14,0.46,0.26,0.35,0.007
06/12/2019,0.91,0.38,0.37,0.34,0.22,0.007
09/12/2019,-0.33,0.31,0.11,-0.13,-0.22,0.007
10/12/2019,-0.08,0.28,-0.09,-0.2,0.04,0.007
11/12/2019,0.28,-0.09,0.13,0.32,0.16,0.007
12/12/2019,0.9,0.12,1.14,0.12,0.2,0.007
13/12/2019,-0.03,-0.45,-0.54,-0.27,-0.23,0.007
16/12/2019,0.74,-0.04,-0.04,-0.4,0.2,0.007
17/12/2019,0.1,0.48,0.67,0.11,-0.03,0.007
18/12/2019,-0.05,0.3,0.09,0.28,0,0.007
19/12/2019,0.43,-0.14,-0.42,-0.25,-0.03,0.007
20/12/2019,0.48,-0.27,-0.3,0,-0.07,0.007
23/12/2019,0.1,0.16,-0.35,-0.13,0.34,0.007
24/12/2019,0.01,0.37,0,-0.28,0.04,0.007
26/12/2019,0.48,-0.56,0,0.25,-0.18,0.007
27/12/2019,-0.1,-0.55,-0.07,0.25,0.1,0.007
30/12/2019,-0.57,0.28,0.56,0.11,0.38,0.007
31/12/2019,0.28,0.01,0.12,-0.12,0.25,0.007
02/01/2020,0.86,-0.97,-0.34,0.24,-0.22,0.006
03/01/2020,-0.67,0.3,0,-0.14,-0.1,0.006
06/01/2020,0.36,-0.2,-0.55,-0.17,-0.26,0.006
07/01/2020,-0.19,-0.03,-0.25,-0.12,-0.25,0.006
08/01/2020,0.47,-0.17,-0.64,-0.19,-0.17,0.006
09/01/2020,0.65,-0.71,-0.48,-0.14,0.04,0.006
10/01/2020,-0.34,-0.27,-0.33,0.04,-0.08,0.006
13/01/2020,0.73,-0.1,-0.08,0.34,0.27,0.006
14/01/2020,-0.06,0.47,-0.18,-0.33,-0.05,0.006
15/01/2020,0.16,0.27,-0.81,-0.08,-0.18,0.006
16/01/2020,0.88,0.52,-0.11,0.03,-0.1,0.006
17/01/2020,0.28,-0.63,-0.13,0.23,0,0.006
21/01/2020,-0.32,-0.67,-0.62,-0.11,-0.25,0.006
22/01/2020,0.08,-0.24,0.01,-0.27,0.01,0.006
23/01/2020,0.08,-0.07,-0.14,0.29,-0.07,0.006
24/01/2020,-0.97,-0.5,-0.28,0.17,-0.03,0.006
27/01/2020,-1.56,0.26,-0.41,-0.53,0.02,0.006
28/01/2020,1.02,-0.13,-0.42,0.17,-0.06,0.006
29/01/2020,-0.1,-0.43,-0.98,0.26,0.09,0.006
30/01/2020,0.34,-0.64,0.69,-0.45,-0.25,0.006
31/01/2020,-1.74,-0.5,-0.35,-0.44,-0.66,0.006
03/02/2020,0.84,0.36,-0.68,-0.68,-0.42,0.006
04/02/2020,1.57,-0.14,-0.68,0.38,-0.17,0.006
05/02/2020,0.97,0.75,1.47,0.95,0.66,0.006
06/02/2020,0.27,-0.59,-0.84,-0.03,-0.39,0.006
07/02/2020,-0.55,-0.84,-0.03,-0.22,-0.57,0.006
10/02/2020,0.73,-0.17,-0.88,-0.12,-0.51,0.006
11/02/2020,0.28,0.34,1.05,0.24,0.33,0.006
12/02/2020,0.66,0.15,-0.35,0.21,0.06,0.006
13/02/2020,-0.09,0.16,0,-0.11,-0.39,0.006
14/02/2020,0.15,-0.56,-0.66,-0.23,-0.3,0.006
18/02/2020,-0.19,-0.01,-0.65,-0.41,-0.67,0.006
19/02/2020,0.6,0.19,0.03,0.18,-0.24,0.006
20/02/2020,-0.35,0.63,0.67,0.16,-0.05,0.006
21/02/2020,-1.12,-0.07,0.02,-0.23,0.38,0.006
24/02/2020,-3.39,0.15,0.02,-0.35,0.22,0.006
25/02/2020,-3.09,-0.35,-0.68,-0.62,-0.05,0.006
26/02/2020,-0.52,-0.74,-1.2,-0.47,-0.18,0.006
27/02/2020,-4.22,0.71,0.05,-0.41,0,0.006
28/02/2020,-0.78,0.09,-0.8,0.25,-0.5,0.006
02/03/2020,4.31,-1.91,-0.44,-0.52,0.42,0.006
03/03/2020,-2.79,0.68,-0.63,-0.44,0.33,0.006
04/03/2020,4.03,-1.23,-1.17,0.07,0.28,0.006
05/03/2020,-3.38,-0.14,-1.4,-0.88,0.05,0.006
06/03/2020,-1.78,-0.21,-1.49,0.69,0.34,0.006
09/03/2020,-7.78,-1.33,-4.75,0.08,0.46,0.006
10/03/2020,4.74,-2.39,0.81,0.52,0.06,0.006
11/03/2020,-5.05,-1.04,-0.8,0.03,0.09,0.006
12/03/2020,-9.63,-1.08,-1.17,-0.34,-0.15,0.006
13/03/2020,8.96,-2.03,3.03,1.19,0.36,0.006
16/03/2020,-12,-0.83,-0.76,0.48,1.38,0.006
17/03/2020,5.88,0.46,-0.62,-0.55,-0.21,0.006
18/03/2020,-5.56,-4.55,-4.69,0.11,0.05,0.006
19/03/2020,1.31,5.7,0.83,-1.35,-1.68,0.006
20/03/2020,-4.15,0.22,-0.88,-0.97,-1.12,0.006
23/03/2020,-2.55,1.72,-3.27,0.3,-1.06,0.006
24/03/2020,9.34,-0.28,2.38,0.46,0.17,0.006
25/03/2020,1.18,-0.19,1.92,-0.06,0.24,0.006
26/03/2020,6.02,-0.51,1.07,-0.61,-0.02,0.006
27/03/2020,-3.48,-1.1,-0.76,-1.11,0.77,0.006
30/03/2020,3.16,-0.77,-2.09,-0.27,-0.13,0.006
31/03/2020,-1.44,1.52,-0.39,0.41,-0.05,0.006
01/04/2020,-4.51,-1.99,-1.4,0.22,0.22,0
02/04/2020,2.1,-0.98,-0.28,-0.26,0.81,0
03/04/2020,-1.64,-1.38,-1.18,-0.22,0.37,0
06/04/2020,7.06,1.18,0.32,1.28,-0.8,0
07/04/2020,-0.11,0.11,2.08,0.9,-0.34,0
08/04/2020,3.4,0.85,1.28,0.45,-0.09,0
09/04/2020,1.59,2.43,3.16,-0.87,-0.07,0
13/04/2020,-0.92,-1.45,-2.4,-0.49,0.04,0
14/04/2020,3.02,-0.72,-3.15,0.25,-0.33,0
15/04/2020,-2.15,-1.95,-2.55,-0.4,-0.21,0
16/04/2020,0.62,-0.81,-2.98,-0.29,-0.3,0
17/04/2020,2.72,1.51,2.77,-0.15,-0.02,0
20/04/2020,-1.56,0.38,-0.91,-1.75,-0.38,0
21/04/2020,-3.08,0.93,0.16,0.26,0.41,0
22/04/2020,2.31,-0.87,-1.64,0.11,0.04,0
23/04/2020,0.13,1.25,0.54,0.52,-0.24,0
24/04/2020,1.44,0.24,-0.13,-0.18,0.15,0
27/04/2020,1.73,2.15,2.71,-0.13,0.14,0
28/04/2020,-0.45,1.72,2.85,1.34,0.73,0
29/04/2020,2.92,2.31,2,1.23,-0.87,0
30/04/2020,-1.18,-2.05,-1.7,0.65,-0.04,0
01/05/2020,-2.91,-0.9,-0.97,-0.36,0.35,0
04/05/2020,0.54,-0.12,-1.27,-0.76,-0.45,0
05/05/2020,0.95,-0.29,-2.02,-0.48,-0.51,0
06/05/2020,-0.52,0.1,-2.7,0.22,-0.57,0
07/05/2020,1.33,0.15,0.4,-0.1,-0.61,0
08/05/2020,1.9,1.9,2.46,0.84,0.42,0
11/05/2020,0.07,-0.22,-3.78,-0.84,-0.04,0
12/05/2020,-2.06,-1.12,-1.35,-0.64,-0.02,0
13/05/2020,-1.89,-1.43,-2.08,-0.08,-0.27,0
14/05/2020,1.14,-1.08,0.93,0.61,0.16,0
15/05/2020,0.57,1.34,-1.15,0.01,-0.77,0
18/05/2020,3.24,2.65,4.6,1.67,0.32,0
19/05/2020,-1.01,-0.75,-1.5,0.52,-0.59,0
20/05/2020,1.8,1.21,1.32,-0.25,-0.26,0
21/05/2020,-0.7,0.75,0.4,0.15,0.03,0
22/05/2020,0.27,0.26,-0.85,-0.55,-0.34,0
26/05/2020,1.23,1.23,4.55,1.04,0.58,0
27/05/2020,1.54,1.43,3.62,0.77,0.36,0
28/05/2020,-0.41,-2.07,-2.43,-0.25,0.09,0
29/05/2020,0.6,-0.79,-1.98,-0.32,-0.38,0
01/06/2020,0.52,0.26,0.43,-0.01,-0.14,0
02/06/2020,0.81,0.06,0.54,0.14,0.26,0
03/06/2020,1.42,0.77,2.62,0.74,0.17,0
04/06/2020,-0.34,0.51,2.89,0.99,0.63,0
05/06/2020,2.5,1.07,2.76,0.72,0.04,0
08/06/2020,1.39,0.68,2.09,-0.48,0.56,0
09/06/2020,-0.85,-0.78,-1.92,-0.04,-0.46,0
10/06/2020,-0.56,-1.8,-4.1,-0.32,-0.51,0
11/06/2020,-5.91,-1.47,-3.03,-0.21,-0.22,0
12/06/2020,1.29,0.79,1.82,0.14,0.1,0
15/06/2020,1.09,1.44,-0.39,-0.77,-0.23,0
16/06/2020,1.87,0.61,0.5,0.64,0.12,0
17/06/2020,-0.4,-1.32,-1.98,-0.55,-0.24,0
18/06/2020,0.19,0.02,-0.53,-0.4,-0.26,0
19/06/2020,-0.45,-0.13,-0.65,-0.73,-0.19,0
22/06/2020,0.71,0.47,-1.36,-0.38,-0.51,0
23/06/2020,0.42,0.22,-0.6,0.58,-0.09,0
24/06/2020,-2.61,-0.7,-1.36,-0.07,0.27,0
25/06/2020,1.12,0.33,0.5,-0.8,0.16,0
26/06/2020,-2.44,-0.2,-1.41,0.01,0.63,0
29/06/2020,1.51,1.48,1.85,1.48,0.36,0
30/06/2020,1.58,0,0.01,-0.4,-0.31,0
01/07/2020,0.41,-1.71,-2.58,-0.42,-1.22,0.001
02/07/2020,0.5,0.01,-0.13,0.41,0.15,0.001
06/07/2020,1.65,-0.67,0.34,0.26,0.02,0.001
07/07/2020,-1.03,-0.97,-1.5,-1.12,-0.07,0.001
08/07/2020,0.91,0.07,-0.47,-0.43,-0.27,0.001
09/07/2020,-0.53,-1.57,-2.61,-0.33,-0.54,0.001
10/07/2020,1.11,0.67,3.07,0.87,0.18,0.001
13/07/2020,-1.2,-0.29,2.04,1.09,1.1,0.001
14/07/2020,1.35,0.38,-0.29,-0.03,0.51,0.001
15/07/2020,1.14,2.71,1.25,0.19,0.08,0.001
16/07/2020,-0.37,-0.16,0.81,0.27,0.33,0.001
17/07/2020,0.3,-0.16,-1.44,-1.1,0.03,0.001
20/07/2020,1.01,-1.11,-2.37,-0.85,-1.2,0.001
21/07/2020,0.15,1.46,3.27,0.54,0.87,0.001
22/07/2020,0.49,-0.64,-0.38,0.49,0.01,0.001
23/07/2020,-1.2,1.22,1.97,-0.18,0.1,0.001
24/07/2020,-0.75,-0.81,0.44,0.28,0.03,0.001
27/07/2020,0.88,0.28,-1.99,-0.24,0.1,0.001
28/07/2020,-0.81,-0.45,1,0.29,0.06,0.001
29/07/2020,1.35,0.62,0.89,0.23,0.15,0.001
30/07/2020,-0.29,0.01,-1.84,-0.53,-0.13,0.001
31/07/2020,0.61,-1.84,-0.67,0.79,0.71,0.001
03/08/2020,0.98,1.09,-0.84,-0.26,0.4,0
04/08/2020,0.37,0.44,0.04,0.1,0.1,0
05/08/2020,0.78,1.23,0.83,0.17,-0.11,0
06/08/2020,0.53,-0.58,-0.85,0.61,0.07,0
07/08/2020,0.02,1.58,2.41,0.54,0.13,0
10/08/2020,0.24,1.33,1.73,0.83,1.28,0
11/08/2020,-0.83,0.19,1.64,0.92,0.03,0
12/08/2020,1.4,-0.85,-1.34,0.92,-0.16,0
13/08/2020,-0.01,-0.14,-1.33,-0.64,-0.5,0
14/08/2020,-0.04,0.06,1.08,0.44,0.2,0
17/08/2020,0.45,0.04,-1.92,-0.81,-0.47,0
18/08/2020,0.22,-1.33,-1.43,0.02,-0.54,0
19/08/2020,-0.38,0.48,0.09,-0.03,-0.11,0
20/08/2020,0.31,-0.96,-1.55,0.08,-0.45,0
21/08/2020,0.26,-1.25,-0.43,0.6,0.72,0
24/08/2020,0.92,0.2,2.59,1.14,0.58,0
25/08/2020,0.36,-0.01,-0.64,-0.47,-0.69,0
26/08/2020,1,-1.72,-1.74,-0.13,-0.85,0
27/08/2020,0.18,-0.01,0.95,0.59,-0.53,0
28/08/2020,0.7,0.37,-0.23,0.13,-0.08,0
31/08/2020,-0.04,-0.93,-1.76,-0.71,-0.11,0
01/09/2020,0.92,0.19,-0.3,0.61,0.14,0
02/09/2020,1.27,-0.26,-0.45,0.76,-0.41,0
03/09/2020,-3.7,0.44,2.61,-0.09,-0.14,0
04/09/2020,-0.87,0.35,2.06,0.8,0.87,0
08/09/2020,-2.91,0.91,-0.29,-0.71,-0.61,0
09/09/2020,2.07,-0.61,-2,-0.17,-0.2,0
10/09/2020,-1.64,0.38,-0.06,-0.39,-0.37,0
11/09/2020,-0.06,-0.62,0.89,0.23,0.47,0
14/09/2020,1.59,1.03,-0.8,-0.82,0,0
15/09/2020,0.57,-0.63,-1.44,0.12,-0.35,0
16/09/2020,-0.39,1.22,1.31,-0.94,0.27,0
17/09/2020,-0.85,0.47,0.2,0.07,0.64,0
18/09/2020,-0.88,0.78,-0.21,-1.12,-0.47,0
21/09/2020,-1.08,-2.69,-1.89,-0.49,-0.28,0
22/09/2020,1.02,-0.47,-1.63,0.58,-0.5,0
23/09/2020,-2.48,-0.66,0.16,0.2,-0.18,0
24/09/2020,0.25,-0.19,0.38,0.52,0.11,0
25/09/2020,1.72,-0.16,-1.35,-0.51,-0.63,0
28/09/2020,1.66,0.88,1.05,0.4,0.18,0
29/09/2020,-0.42,0.41,-1.34,-0.79,-0.58,0
30/09/2020,0.79,-0.69,0.15,0.34,0.12,0
01/10/2020,0.79,0.79,-0.54,-0.02,-0.58,0
02/10/2020,-0.96,1.69,2.45,0.57,0.34,0
05/10/2020,1.93,0.88,-0.1,-0.48,0.12,0
06/10/2020,-1.28,0.84,0.26,-0.51,-0.05,0
07/10/2020,1.84,0.49,0.22,-0.28,0.13,0
08/10/2020,0.8,0.28,0.99,0.22,0.25,0
09/10/2020,0.93,-0.33,-1.41,-0.18,-0.3,0
12/10/2020,1.53,-1.01,-0.08,0.79,0.34,0
13/10/2020,-0.41,-0.18,-1.73,-0.88,-0.98,0
14/10/2020,-0.65,0,0.02,0.36,0.67,0
15/10/2020,-0.08,1.17,1.15,0.17,0.19,0
16/10/2020,-0.06,-0.13,0.06,-0.04,-0.12,0
19/10/2020,-1.53,0.35,0.31,-0.35,-0.24,0
20/10/2020,0.34,-0.09,1.26,0.55,0.17,0
21/10/2020,-0.36,-0.47,0.41,0.53,-0.01,0
22/10/2020,0.67,0.95,1.03,-0.58,-0.08,0
23/10/2020,0.38,0.37,0.03,-0.14,-0.35,0
26/10/2020,-1.85,-0.48,-0.39,-0.14,-0.02,0
27/10/2020,-0.23,-0.63,-2.33,-0.41,-0.73,0
28/10/2020,-3.41,0.18,0.58,-0.46,0,0
29/10/2020,1.13,0.16,0.27,0.32,0.6,0
30/10/2020,-1.45,-0.24,1.87,0.25,-0.09,0
02/11/2020,1.17,0.87,0.98,0.42,0.4,0
03/11/2020,1.93,1.01,-0.19,-0.18,0.02,0
04/11/2020,2.25,-2.56,-5.02,-0.72,-1.71,0
05/11/2020,2.13,1.04,0.52,0.36,0.55,0
06/11/2020,0.01,-1.09,-0.93,-0.23,-0.11,0
09/11/2020,0.86,2.82,6.73,0.8,0.83,0
10/11/2020,-0.17,2.09,2.17,0.32,1.27,0
11/11/2020,0.88,-1.09,-1.75,-0.64,-0.18,0
12/11/2020,-0.94,-0.56,-1.19,-0.67,-0.23,0
13/11/2020,1.31,0.93,1.14,0.59,0.43,0
16/11/2020,1.22,1.25,1.99,0.71,0.87,0
17/11/2020,-0.19,0.6,-0.01,-0.42,-0.42,0
18/11/2020,-0.93,-0.06,0.01,0.07,-0.39,0
19/11/2020,0.59,0.28,-0.76,-0.66,-0.2,0
20/11/2020,-0.51,0.6,-0.6,-0.74,-0.11,0
23/11/2020,0.83,1.4,1.56,0.35,0.05,0
24/11/2020,1.56,0.51,2.77,0.53,0.51,0
25/11/2020,0.03,-0.27,-1.33,-0.39,-0.54,0
27/11/2020,0.43,0.15,-1.63,-0.77,-0.31,0
30/11/2020,-0.53,-1.55,-2.07,-0.5,0.48,0
01/12/2020,0.98,-0.08,0.53,1.07,0.49,0
02/12/2020,0.11,0.21,1.08,0.38,0.59,0
03/12/2020,0.18,0.55,-0.09,-0.29,0.19,0
04/12/2020,1.02,1.59,0.83,-0.31,0.59,0
07/12/2020,0.03,-0.06,-1.02,-0.56,-0.49,0
08/12/2020,0.47,0.89,-0.7,-0.71,0,0
09/12/2020,-1.03,0.31,1.28,0.86,0.29,0
10/12/2020,0.24,0.93,-0.47,-1.53,-0.27,0
11/12/2020,-0.2,-0.58,-0.71,-0.57,-0.55,0
14/12/2020,-0.28,0.22,-1.53,-0.4,-0.8,0
15/12/2020,1.28,1.15,0.36,0.44,0.55,0
16/12/2020,0.17,-0.58,-0.37,0.03,-0.2,0
17/12/2020,0.79,0.5,-0.7,-0.6,-0.21,0
18/12/2020,-0.12,-0.19,-1.17,-0.4,-0.75,0
21/12/2020,-0.23,0.23,-0.05,-1.02,0.31,0
22/12/2020,0.06,0.84,-1.61,-0.84,-0.07,0
23/12/2020,0.1,0.87,2.03,0.29,0.41,0
24/12/2020,0.21,-0.44,-0.19,0.25,-0.07,0
28/12/2020,0.46,-0.68,0.36,1.39,0.46,0
29/12/2020,-0.4,-1.42,0.24,0.78,-0.29,0
30/12/2020,0.27,1.06,0.03,-0.65,-0.05,0
31/12/2020,0.39,-0.71,0.41,0.57,-0.24,0
04/01/2021,-1.41,0.16,0.58,-0.64,0.1,0
05/01/2021,0.86,1.32,0.49,0.36,0.55,0
06/01/2021,0.79,3.15,3.94,0.06,0.53,0
07/01/2021,1.76,0.02,-0.83,-1.5,-0.2,0
08/01/2021,0.51,-1.01,-1.37,-0.43,-0.37,0
11/01/2021,-0.51,0.54,1.26,-0.17,0.45,0
12/01/2021,0.38,1.48,1.21,-0.45,0.42,0
13/01/2021,0.07,-1.03,-0.46,-0.21,-0.05,0
14/01/2021,-0.11,2.37,1.12,-1.01,0.43,0
15/01/2021,-0.86,-0.74,-0.76,0.28,-0.47,0
19/01/2021,0.92,0.75,-0.8,-0.7,0.09,0
20/01/2021,1.26,-0.75,-1.08,0.62,-0.38,0
21/01/2021,-0.04,-0.77,-0.94,0.84,0.38,0
22/01/2021,-0.07,1.64,-0.12,-0.67,0.62,0
25/01/2021,0.29,-0.28,-0.4,0.23,0.98,0
26/01/2021,-0.32,-0.02,0.01,1.01,1.05,0
27/01/2021,-2.53,1.19,1.56,0.59,2.46,0
28/01/2021,0.92,-1.69,-0.91,-1.06,-2.26,0
29/01/2021,-1.84,0.41,0.58,-0.75,0.38,0
01/02/2021,1.73,0.74,-1.47,-0.23,-1.22,0
02/02/2021,1.48,-0.79,-1.08,-1.02,-2.14,0
03/02/2021,0.15,0.68,0.7,-0.11,0.17,0
04/02/2021,1.23,0.6,0.37,-0.09,-0.22,0
05/02/2021,0.58,0.94,-0.48,-0.73,0.41,0
08/02/2021,0.96,2.25,0.39,-0.95,0.73,0
09/02/2021,0.05,0.7,-0.17,-0.73,-0.49,0
10/02/2021,-0.08,-0.45,0.61,0.21,-0.02,0
11/02/2021,0.19,-0.35,-0.43,-0.3,-0.08,0
12/02/2021,0.49,-0.13,0.49,-0.37,-0.05,0
16/02/2021,-0.14,-0.24,1.89,0.15,-0.01,0
17/02/2021,-0.21,-0.68,0.61,0.29,-0.14,0
18/02/2021,-0.63,-1.48,-0.2,0.91,-0.44,0
19/02/2021,0.16,2.04,0.72,-0.45,0.55,0
22/02/2021,-1.13,0.72,3.16,1.7,0.86,0
23/02/2021,-0.15,-1.03,0.89,1.17,-0.2,0
24/02/2021,1.15,1.5,1.42,-0.31,0.33,0
25/02/2021,-2.74,-0.92,0.92,0.99,0.42,0
26/02/2021,-0.28,0.34,-1.58,-0.04,-0.37,0
01/03/2021,2.63,1.11,0.23,-0.41,0.23,0
02/03/2021,-1.05,-0.77,1.23,0.62,0.2,0
03/03/2021,-1.57,0.64,3.56,1.67,1.05,0
04/03/2021,-1.7,-1.11,1.71,1.29,0.44,0
05/03/2021,1.85,0.36,0.61,0.97,0.51,0
08/03/2021,-0.67,1.47,3.71,1.64,0.88,0
09/03/2021,1.79,0.45,-3.23,-1.87,-0.47,0
10/03/2021,0.68,1.2,1.82,-0.07,0.14,0
11/03/2021,1.44,1.09,-2.02,-1.42,-0.81,0
12/03/2021,0.1,0.53,1.3,0.64,0.59,0
15/03/2021,0.7,-0.33,-1.29,0.21,0.08,0
16/03/2021,-0.43,-1.36,-0.83,0.31,-0.02,0
17/03/2021,0.33,0.65,0.33,-0.05,0.15,0
18/03/2021,-1.88,-1.22,2.18,0.96,0.45,0
19/03/2021,0.25,0.94,-0.99,-0.81,-0.55,0
22/03/2021,0.55,-1.7,-2.21,-0.25,-0.09,0
23/03/2021,-1.17,-2.95,-1.04,0.58,-0.79,0
24/03/2021,-1.01,-1.59,1.46,1.39,0.12,0
25/03/2021,0.67,2.01,1.4,0.46,1.12,0
26/03/2021,1.55,0.19,0.69,0.79,0.58,0
29/03/2021,-0.49,-2.49,-0.23,0.91,-0.01,0
30/03/2021,-0.02,1.83,1.01,-0.25,-0.2,0
31/03/2021,0.63,0.59,-2.33,-1.2,-0.26,0
01/04/2021,1.27,0.21,0,-0.68,-0.51,0
05/04/2021,1.27,-0.7,-0.71,1,0.1,0
06/04/2021,0.01,-0.32,0.1,-0.12,-0.28,0
07/04/2021,-0.12,-1.54,0.32,0.7,-0.11,0
08/04/2021,0.62,0.26,-1.17,-0.55,-0.38,0
09/04/2021,0.65,-0.62,0.13,0.8,0.13,0
12/04/2021,-0.05,-0.47,0.59,0.74,-0.35,0
13/04/2021,0.41,-0.77,-1.61,-1.09,-0.36,0
14/04/2021,-0.35,1.17,1.42,0.02,0.68,0
15/04/2021,1.04,-0.79,-1.19,0.1,-0.52,0
16/04/2021,0.27,-0.19,0.66,0.84,0.16,0
19/04/2021,-0.73,-0.66,0.78,0.73,0.41,0
20/04/2021,-0.94,-1.37,-1.57,0.38,-0.48,0
21/04/2021,1.11,1.53,0.1,-0.46,0.11,0
22/04/2021,-0.77,0.64,-0.77,-0.19,-0.21,0
23/04/2021,1.26,0.77,0.7,-0.34,0.05,0
26/04/2021,0.43,0.79,-0.5,-1.21,-0.05,0
27/04/2021,-0.03,0.08,0.85,0.53,0.06,0
28/04/2021,-0.06,0.29,0.19,-0.31,-0.33,0
29/04/2021,0.39,-0.77,1.08,1.35,-0.24,0
30/04/2021,-0.83,-0.51,-0.32,0.13,-0.44,0
03/05/2021,0.17,0.73,1.71,1.09,1.07,0
04/05/2021,-0.89,-0.25,2,1.1,0.58,0
05/05/2021,-0.06,-0.17,1.34,0.66,0.62,0
06/05/2021,0.48,-0.54,1.2,1.24,0.6,0
07/05/2021,0.84,0.45,-0.1,-0.24,0.14,0
10/05/2021,-1.36,-1.29,1.69,1.18,0.73,0
11/05/2021,-0.63,0.7,-0.89,-0.84,-0.07,0
12/05/2021,-2.34,-1.15,0.71,-0.27,0.13,0
13/05/2021,1.02,0.47,1.14,1.4,0.36,0
14/05/2021,1.81,0.97,-0.15,-0.25,-0.01,0
17/05/2021,-0.24,0.73,0.83,0.01,0.56,0
18/05/2021,-0.69,0.06,-0.94,-1.03,-0.43,0
19/05/2021,-0.34,-0.52,-0.46,-0.18,-0.32,0
20/05/2021,1.15,-0.49,-1.43,-0.84,-0.48,0
21/05/2021,-0.04,0.45,0.98,-0.11,-0.07,0
24/05/2021,0.99,-0.48,-0.69,0.25,-0.29,0
25/05/2021,-0.3,-0.85,-1.23,0.21,-0.16,0
26/05/2021,0.47,1.78,0.56,-0.54,0.14,0
27/05/2021,0.28,1.08,0.95,-0.26,0.28,0
28/05/2021,0.04,-0.37,-0.3,-0.19,-0.42,0
01/06/2021,0.03,1.41,1.46,0.29,0.39,0
02/06/2021,0.12,-0.21,0.32,-0.09,0.69,0
03/06/2021,-0.53,-0.25,0.72,0.42,0.32,0
04/06/2021,0.89,-0.6,-0.9,-0.13,-0.21,0
07/06/2021,0.15,1.28,-0.96,-1.01,-0.19,0
08/06/2021,0.19,1.08,-0.32,0.06,-0.06,0
09/06/2021,-0.3,-0.45,-0.84,0.15,0.17,0
10/06/2021,0.4,-1.33,-2.05,-0.55,-1.06,0
11/06/2021,0.37,0.71,0.18,0.04,-0.02,0
14/06/2021,0.15,-0.75,-1.62,-0.59,-0.48,0
15/06/2021,-0.3,0.21,1.3,0.69,0.12,0
16/06/2021,-0.45,0.43,0.2,-0.34,-0.24,0
17/06/2021,0.01,-1.34,-3.59,-0.69,-1.09,0
18/06/2021,-1.22,-0.8,-1.45,-0.44,-0.69,0
21/06/2021,1.34,0.83,1.06,0.41,0.33,0
22/06/2021,0.58,-0.1,-0.43,0.19,0.21,0
23/06/2021,0.01,0.51,-0.28,-0.48,-0.23,0
24/06/2021,0.69,0.74,0.23,-0.38,0.26,0
25/06/2021,0.31,-0.5,0.43,-0.13,0.06,0
28/06/2021,0.22,-0.84,-1.59,-0.51,-0.13,0
29/06/2021,0,-0.4,-0.29,0.31,0.4,0
30/06/2021,0.07,0.12,0.75,0.73,0.62,0
01/07/2021,0.43,0.4,0.41,0.01,0.42,0
02/07/2021,0.56,-1.52,-0.71,0.66,-0.16,0
06/07/2021,-0.28,-1.04,-1.99,0.56,-0.7,0
07/07/2021,0.09,-0.86,0.08,1.7,0.32,0
08/07/2021,-0.86,-0.01,-0.77,-0.22,0,0
09/07/2021,1.25,0.85,1.57,-0.18,0.34,0
12/07/2021,0.23,-0.01,0.56,0.29,-0.29,0
13/07/2021,-0.56,-1.23,-0.41,0.72,0.12,0
14/07/2021,-0.26,-1.17,0.34,1.93,0.6,0
15/07/2021,-0.38,-0.26,0.79,0.33,-0.07,0
16/07/2021,-0.77,-0.4,-1.25,0.12,-0.83,0
19/07/2021,-1.41,0.04,-1.74,-0.42,-1.12,0
20/07/2021,1.69,0.84,0.16,-0.56,0.39,0
21/07/2021,0.95,0.72,0.79,-0.98,0.06,0
22/07/2021,0.09,-1.55,-1.01,0.5,-0.39,0
23/07/2021,0.98,-0.33,-0.47,0.48,-0.32,0
26/07/2021,0.18,0.1,1.33,0.26,0.87,0
27/07/2021,-0.66,-0.47,0.59,0.46,0.12,0
28/07/2021,0.27,1.21,-0.65,-1.56,-0.71,0
29/07/2021,0.41,0.22,0.94,0.82,0.52,0
30/07/2021,-0.65,-0.08,-0.17,0.55,0.38,0
02/08/2021,-0.12,-0.12,-0.41,-0.07,-0.31,0
03/08/2021,0.73,-0.4,0.92,0.64,0.21,0
04/08/2021,-0.39,-0.96,-1.56,-0.37,-1.09,0
05/08/2021,0.74,1.07,-0.1,-1.32,-0.42,0
06/08/2021,0.09,0.47,1.88,0.58,0.32,0
09/08/2021,0.01,-0.45,-0.26,-0.63,-0.54,0
10/08/2021,0.06,0.38,1.82,0.71,0.89,0
11/08/2021,0.19,0.3,1.41,0.89,0.49,0
12/08/2021,0.24,-0.69,-0.4,0.05,0.1,0
13/08/2021,0,-0.95,-0.24,0.7,-0.01,0
16/08/2021,-0.05,-0.87,0.05,1.66,0.16,0
17/08/2021,-0.8,-0.5,-0.11,-0.29,0.1,0
18/08/2021,-0.95,0.11,-0.18,-0.31,-0.67,0
19/08/2021,-0.15,-0.96,-0.82,1.39,-0.47,0
20/08/2021,0.92,0.85,-0.48,-0.38,-0.28,0
23/08/2021,1.08,0.76,-0.85,-1.83,-0.06,0
24/08/2021,0.41,0.41,0.36,-0.72,0.09,0
25/08/2021,0.26,0.06,0.36,-0.43,-0.02,0
26/08/2021,-0.65,-0.44,-0.32,-0.05,-0.16,0
27/08/2021,1.07,1.65,0.3,-0.71,0.14,0
30/08/2021,0.35,-0.69,-1.37,0.66,0.14,0
31/08/2021,-0.13,0.46,-0.05,-0.45,-0.21,0
01/09/2021,0.11,0.4,-0.94,-0.43,-0.36,0
02/09/2021,0.36,0.2,-0.04,-0.42,0.58,0
03/09/2021,-0.01,-0.55,-0.26,0.03,-0.26,0
07/09/2021,-0.36,-0.36,-0.09,-0.6,0.18,0
08/09/2021,-0.34,-0.74,0.08,0.75,0.17,0
09/09/2021,-0.27,0.26,0.09,-0.79,-0.3,0
10/09/2021,-0.76,-0.03,0.02,0.21,-0.48,0
13/09/2021,0.14,0.23,1.34,0.21,0.98,0
14/09/2021,-0.66,-0.67,-0.97,0.43,-0.47,0
15/09/2021,0.88,0.13,0.63,-0.25,0.47,0
16/09/2021,-0.03,-0.09,-0.55,-0.4,-0.55,0
17/09/2021,-0.72,0.97,-0.05,-0.64,-0.44,0
20/09/2021,-1.87,-0.58,0.23,0.77,0.27,0
21/09/2021,0.05,0.26,-0.67,-0.44,-0.31,0
22/09/2021,1,0.15,0.53,-0.53,0.49,0
23/09/2021,1.28,0.46,0.93,-1.01,0.2,0
24/09/2021,0.08,-0.39,0.7,0.58,0.25,0
27/09/2021,-0.1,1.71,2.43,-0.26,0.72,0
28/09/2021,-2.18,0,1.75,0.84,1.07,0
29/09/2021,0.03,-0.2,0.8,1.16,0.33,0
30/09/2021,-1.02,0.08,-0.77,-1.22,-0.36,0
01/10/2021,1.1,0.47,0.5,-0.1,0.61,0
04/10/2021,-1.43,0.4,2.33,0.7,1.06,0
05/10/2021,1.05,-0.57,-0.07,-0.07,-0.31,0
06/10/2021,0.33,-1,-0.49,0.33,-0.69,0
07/10/2021,1.01,0.46,-0.17,-0.08,0.06,0
08/10/2021,-0.28,-0.45,1.12,0.1,0.6,0
11/10/2021,-0.72,0.22,-0.28,-0.03,0.29,0
12/10/2021,-0.06,0.56,-0.44,-0.89,-0.25,0
13/10/2021,0.43,-0.08,-1.06,-0.47,-0.77,0
14/10/2021,1.65,-0.37,-0.27,-0.01,-0.14,0
15/10/2021,0.63,-1.13,0.3,0.37,-0.05,0
18/10/2021,0.41,-0.41,-0.01,0.56,-0.05,0
19/10/2021,0.71,-0.47,-0.23,-0.16,0.09,0
20/10/2021,0.34,0.23,1.19,0.29,0.51,0
21/10/2021,0.37,0.03,-0.95,0.33,-0.63,0
22/10/2021,-0.25,0,1.01,0.45,0.51,0
25/10/2021,0.58,0.37,-0.15,-0.42,-0.36,0
26/10/2021,0.04,-0.78,-0.31,-0.37,-0.14,0
27/10/2021,-0.76,-0.95,-1.18,0.85,-0.61,0
28/10/2021,1.14,0.82,-0.5,-0.33,-0.17,0
29/10/2021,0.22,0.14,-0.83,0.55,-0.8,0
01/11/2021,0.51,2.05,0.44,-1.12,0.03,0
02/11/2021,0.24,-0.32,-0.54,0.41,0.14,0
03/11/2021,0.8,1.44,-0.12,0.21,-0.39,0
04/11/2021,0.39,-0.28,-1.37,0.65,-0.72,0
05/11/2021,0.38,0.79,1.19,0.01,1.3,0
08/11/2021,0.18,0.02,0.07,-0.5,-0.08,0
09/11/2021,-0.35,-0.15,0.45,0.58,0.28,0
10/11/2021,-1.07,-0.31,0.93,1.38,-0.08,0
11/11/2021,0.24,0.63,0.33,0.14,0.11,0
12/11/2021,0.74,-0.46,-0.91,0.39,-0.3,0
15/11/2021,-0.02,-0.46,0.71,0.56,0.48,0
16/11/2021,0.5,-0.17,-0.72,0.19,-0.64,0
17/11/2021,-0.47,-0.64,-0.25,0.81,0.16,0
18/11/2021,0.06,-0.76,-0.07,1.26,-0.09,0
19/11/2021,-0.2,-0.41,-1.28,1.05,-0.59,0
22/11/2021,-0.61,0.05,2.76,1.24,1.59,0
23/11/2021,-0.03,-0.2,1.75,0.24,1.15,0
24/11/2021,0.3,-0.13,-0.87,-0.52,-0.2,0
26/11/2021,-2.22,-1.28,-0.92,0.25,-0.61,0
29/11/2021,1.11,-1.31,-0.79,0.38,-0.32,0
30/11/2021,-1.95,0.16,-1.13,-0.11,0.43,0
01/12/2021,-1.61,-0.47,1.11,2.29,0.74,0
02/12/2021,1.51,1,1.27,-0.65,0.04,0
03/12/2021,-1.21,-0.86,1.07,1.78,1,0
06/12/2021,1.19,0.83,0.63,0.09,0.61,0
07/12/2021,2.22,-0.16,-1.79,-1.45,-0.43,0
08/12/2021,0.47,0.34,-0.83,-0.97,0.2,0
09/12/2021,-1.07,-1.07,1.57,1.42,0.97,0
10/12/2021,0.7,-0.87,0.5,1.38,0.77,0
13/12/2021,-1.04,-0.29,-0.98,0.3,-0.31,0
14/12/2021,-0.76,-0.35,1.64,0.4,0.17,0
15/12/2021,1.62,0.02,-1.91,0.05,-0.36,0
16/12/2021,-1.2,-0.86,2.78,0.64,0.64,0
17/12/2021,-0.65,1.47,-2.33,-1.7,-0.37,0
20/12/2021,-1.27,-0.22,-0.41,0.04,0.16,0
21/12/2021,2.06,0.67,0.19,-1.08,-0.19,0
22/12/2021,0.97,0.18,-0.36,0.34,0.08,0
23/12/2021,0.71,0.29,-0.48,-0.36,-0.39,0
27/12/2021,1.22,-0.13,0.29,0.97,0.48,0
28/12/2021,-0.27,-0.41,0.81,0.84,0.2,0
29/12/2021,0.06,-0.03,0.17,0.69,0,0
30/12/2021,-0.15,0.08,-0.4,-0.83,-0.42,0
31/12/2021,-0.31,0.18,0.53,0.36,0.4,0
03/01/2022,0.73,0.43,0.78,-1.17,0.6,0
04/01/2022,-0.29,-0.07,3.62,0.63,1.47,0
05/01/2022,-2.28,-0.94,2.6,1.41,1.22,0
06/01/2022,0,0.38,1.75,-0.55,-0.02,0
07/01/2022,-0.48,-0.96,2.02,-0.12,0.85,0
10/01/2022,-0.15,-0.3,-0.28,-0.04,-0.38,0
11/01/2022,1.1,-0.2,-0.3,-1.26,0.38,0
12/01/2022,0.12,-0.85,0.5,0.76,0.27,0
13/01/2022,-1.57,0.86,2.41,1.17,1.01,0
14/01/2022,0.08,0.04,0.54,-0.84,0.48,0
18/01/2022,-2.08,-0.9,1.37,0.8,0.97,0
19/01/2022,-1.01,-0.36,-0.67,0.25,0.08,0
20/01/2022,-1.14,-0.83,-0.23,-0.3,0.13,0
21/01/2022,-2.1,0.38,0.49,1.03,0.47,0
24/01/2022,0.53,1.75,-0.25,-0.07,-0.65,0
25/01/2022,-1.43,-0.19,2.79,-0.78,1.61,0
26/01/2022,-0.3,-1.06,0.09,0.42,-0.05,0
27/01/2022,-0.79,-1.47,0.79,1.06,0.96,0
28/01/2022,2.45,-0.61,-2.07,0.17,0.25,0
31/01/2022,2.34,0.72,-2.86,-1.82,-1.58,0
01/02/2022,0.87,0.12,0.65,-1.07,0.38,0
02/02/2022,0.48,-1.58,0.72,1.48,0.49,0
03/02/2022,-2.49,0.44,2.18,0.42,1.32,0
04/02/2022,0.89,-0.28,-0.6,-1.7,-1.1,0
07/02/2022,-0.25,0.65,0.23,-0.7,-0.01,0
08/02/2022,1.02,0.73,-0.28,0.92,-0.46,0
09/02/2022,1.61,0.03,-1.95,-1.1,-0.23,0
10/02/2022,-1.69,0.03,1.23,-0.56,0.32,0
11/02/2022,-1.92,0.91,2.13,-0.18,1.44,0
14/02/2022,-0.35,0.09,-0.59,0.68,-0.2,0
15/02/2022,1.87,1.03,-1.42,-0.68,-0.83,0
16/02/2022,-0.02,0.04,0.31,0.59,0.4,0
17/02/2022,-2.28,-0.05,1.1,0.88,1.44,0
18/02/2022,-0.87,0.1,0.94,1.05,0.43,0
22/02/2022,-1.18,-0.36,0.11,-0.05,0.15,0
23/02/2022,-1.96,0.06,1.26,0.02,1.04,0
24/02/2022,1.89,0.72,-3.86,-1.79,-1.72,0
25/02/2022,2.23,-0.14,1.22,0.36,-0.21,0
28/02/2022,0.05,0.41,-0.5,-0.8,0.3,0
01/03/2022,-1.57,-0.28,-0.81,-0.39,0.55,0
02/03/2022,1.81,0.61,1.34,0.52,0.38,0
03/03/2022,-0.88,-0.22,1.52,1.23,1.21,0
04/03/2022,-1.1,-0.5,0.68,0.4,1.18,0
07/03/2022,-3.12,0.73,0.89,-0.67,1.33,0
08/03/2022,-0.52,0.97,0.32,-1.13,-0.22,0
09/03/2022,2.8,0,-2.09,-0.42,-1.53,0
10/03/2022,-0.47,0.31,1.16,-0.33,0.34,0
11/03/2022,-1.49,-0.13,1.79,0.98,0.59,0
14/03/2022,-1.06,-0.85,1.77,2.18,0.04,0
15/03/2022,2.15,-0.49,-2.39,0.75,-0.99,0
16/03/2022,2.61,0.44,-1.83,-1.17,-1.52,0
17/03/2022,1.43,0.16,-1.09,-1.59,-0.14,0
18/03/2022,1.33,-0.19,-1.85,-0.54,-0.8,0
21/03/2022,-0.18,-0.94,1.59,-0.17,1.56,0
22/03/2022,1.31,-0.22,-1.16,-0.82,-1,0
23/03/2022,-1.26,-0.61,0.38,-0.49,1.54,0
24/03/2022,1.42,-0.32,-0.79,-0.47,-0.2,0
25/03/2022,0.27,-0.3,2.18,0.22,1.32,0
28/03/2022,0.73,-0.87,-1.7,0.49,-1.18,0
29/03/2022,1.45,1.2,-1.92,-0.34,-0.96,0
30/03/2022,-0.83,-1.12,0.4,0.39,0.9,0
31/03/2022,-1.55,0.62,-0.44,-0.22,0.39,0
01/04/2022,0.39,0.57,-0.59,-0.91,0.1,0.001
04/04/2022,0.94,-0.54,-1.88,-0.78,-0.65,0.001
05/04/2022,-1.54,-0.73,0.84,0.71,0.18,0.001
06/04/2022,-1.24,-0.31,1.09,0.25,0.85,0.001
07/04/2022,0.33,-0.61,-0.13,0.38,0.34,0.001
08/04/2022,-0.39,-0.53,2.24,0.37,1.04,0.001
11/04/2022,-1.53,0.62,1.06,0.44,0.06,0.001
12/04/2022,-0.29,0.57,0.46,-0.24,1.04,0.001
13/04/2022,1.4,0.62,-0.71,-1,0.03,0.001
14/04/2022,-1.28,0.32,1.41,0.19,0.93,0.001
18/04/2022,-0.21,-0.57,1.8,0.76,0.61,0.001
19/04/2022,1.77,0.4,-0.95,0.53,-1.27,0.001
20/04/2022,-0.28,0.48,1.26,0.78,1.11,0.001
21/04/2022,-1.75,-0.56,0.41,1.76,0.39,0.001
22/04/2022,-2.74,0.25,-0.16,-0.13,-0.22,0.001
25/04/2022,0.71,0.12,-1.84,0.11,-1.06,0.001
26/04/2022,-3,-0.36,1.79,0.24,1.21,0.001
27/04/2022,0.12,-0.56,0.34,0.14,0.79,0.001
28/04/2022,2.44,-0.51,-0.45,0.46,0.1,0.001
29/04/2022,-3.53,0.87,0.59,-0.23,0.66,0.001
02/05/2022,0.8,0.39,-1.15,-0.61,-1.32,0.001
03/05/2022,0.41,0.16,1.62,0.01,1.15,0.001
04/05/2022,3,-0.47,0.24,0,0.09,0.001
05/05/2022,-3.8,-0.25,2.37,0.59,1.14,0.001
06/05/2022,-0.85,-1.01,1.77,1,1.37,0.001
09/05/2022,-3.54,-0.06,1.37,4.2,-0.32,0.001
10/05/2022,0.2,-0.5,-1.22,-0.66,0.32,0.001
11/05/2022,-1.95,-0.59,2.59,0.7,0.94,0.001
12/05/2022,0.17,1.2,-1.23,-0.37,-1.1,0.001
13/05/2022,2.76,0.39,-2.2,-2.15,-0.67,0.001
16/05/2022,-0.6,0.09,1.34,0.19,1.32,0.001
17/05/2022,2.14,0.94,-0.05,-0.7,-0.32,0.001
18/05/2022,-4.04,0.46,1.53,-0.54,0.36,0.001
19/05/2022,-0.34,0.4,-0.8,-1.2,-0.84,0.001
20/05/2022,-0.05,-0.14,-0.19,-0.1,0.17,0.001
23/05/2022,1.74,-0.92,1.29,-0.03,1.03,0.001
24/05/2022,-1.23,-0.47,1.85,1.42,1.12,0.001
25/05/2022,1.22,0.74,0.21,-0.54,0.01,0.001
26/05/2022,2.18,0.03,-0.62,-0.15,-0.31,0.001
27/05/2022,2.58,0.04,-1.31,-0.66,-0.25,0.001
31/05/2022,-0.71,-0.39,0.45,0.8,-0.25,0.001
01/06/2022,-0.75,0.22,0.79,-0.18,1.07,0.003
02/06/2022,2.09,0.42,-2.07,-0.45,-1.49,0.003
03/06/2022,-1.63,1.01,0.53,-0.78,0.45,0.003
06/06/2022,0.33,0.06,0.65,0.47,0.19,0.003
07/06/2022,0.99,0.18,-0.14,-1.56,0.67,0.003
08/06/2022,-1.02,-0.27,-0.53,-0.68,-0.22,0.003
09/06/2022,-2.44,0.44,0.26,0.87,0.15,0.003
10/06/2022,-3,0.27,0.62,0.31,0.48,0.003
13/06/2022,-4.13,-0.47,0.62,1.7,-0.38,0.003
14/06/2022,-0.25,0.11,0.12,0.11,0.04,0.003
15/06/2022,1.55,-0.02,-1.65,-0.2,-1.13,0.003
16/06/2022,-3.52,-1.09,0.03,0.61,-0.66,0.003
17/06/2022,0.47,0.73,-2.63,0.36,-2,0.003
21/06/2022,2.38,-0.83,0.24,-0.91,0.01,0.003
22/06/2022,-0.18,0.03,-1.77,0.63,-1.61,0.003
23/06/2022,1.13,0.3,-3.85,0.5,-1.86,0.003
24/06/2022,3.11,-0.41,-0.04,0.11,-0.33,0.003
27/06/2022,-0.28,0.77,1.24,-0.29,1.29,0.003
28/06/2022,-2.1,0.04,2.36,-0.68,1.28,0.003
29/06/2022,-0.2,-0.59,-1.3,1.09,-0.86,0.003
30/06/2022,-0.96,0.51,-0.15,0.89,-0.17,0.003
01/07/2022,1.15,-0.02,0.1,-0.74,-0.06,0.004
05/07/2022,0.49,1.12,-3.34,-1.76,-2.15,0.004
06/07/2022,0.17,-0.88,-0.72,0.05,-0.32,0.004
07/07/2022,1.77,0.89,-0.97,-0.84,-1.32,0.004
08/07/2022,-0.07,0.07,-0.07,-0.25,-0.21,0.004
11/07/2022,-1.39,-0.99,1.59,1.72,1.25,0.004
12/07/2022,-0.88,0.85,0.51,0.1,0.84,0.004
13/07/2022,-0.39,0.42,-0.38,0.04,-0.33,0.004
14/07/2022,-0.41,-0.47,-1,0.78,-0.04,0.004
15/07/2022,1.95,0.04,0.46,-0.22,-0.39,0.004
18/07/2022,-0.71,0.37,1.02,0.15,-0.09,0.004
19/07/2022,2.8,0.84,-0.56,-0.27,-0.59,0.004
20/07/2022,0.89,1.08,-1.32,-1.48,-1.49,0.004
21/07/2022,0.97,-0.33,-1.6,-0.26,-0.89,0.004
22/07/2022,-1.19,-0.84,1.38,1.74,1.52,0.004
25/07/2022,0.11,0.1,1.68,0.65,0.52,0.004
26/07/2022,-1.32,0.34,1.06,0.57,1.16,0.004
27/07/2022,2.72,0.16,-1.26,-0.2,-1.34,0.004
28/07/2022,1.19,-0.04,-0.87,0.15,-0.87,0.004
29/07/2022,1.44,-0.88,0.45,0.49,-1.16,0.004
01/08/2022,-0.19,0.18,-0.26,0.17,0.34,0.008
02/08/2022,-0.49,0.58,-1.4,-2.16,-0.46,0.008
03/08/2022,1.67,0.28,-1.92,-1.49,-0.7,0.008
04/08/2022,-0.06,0.41,-1.64,-1.31,-0.86,0.008
05/08/2022,-0.05,0.94,-0.06,-1.27,-0.23,0.008
08/08/2022,0,0.97,-0.08,-0.45,0.22,0.008
09/08/2022,-0.68,-1.37,2.11,0.87,1.27,0.008
10/08/2022,2.36,0.76,-1.6,-1.39,-1.36,0.008
11/08/2022,-0.07,0.21,1.64,0.75,0.89,0.008
12/08/2022,1.76,0.49,-0.74,-0.65,-0.53,0.008
15/08/2022,0.38,-0.02,-0.63,-0.18,-0.01,0.008
16/08/2022,0.19,-0.15,0.7,1.03,0.52,0.008
17/08/2022,-0.93,-0.92,1.04,1.28,0.66,0.008
18/08/2022,0.27,0.35,0.46,0.79,0.08,0.008
19/08/2022,-1.5,-0.94,0.97,1.06,1.25,0.008
22/08/2022,-2.14,-0.04,0.38,0.19,0.2,0.008
23/08/2022,-0.11,0.12,0.32,-0.37,-0.19,0.008
24/08/2022,0.4,0.52,-0.62,-1.44,-0.48,0.008
25/08/2022,1.45,0.12,-0.01,0.15,-0.38,0.008
26/08/2022,-3.38,-0.27,1.68,0.22,0.85,0.008
29/08/2022,-0.72,-0.39,0.43,0.25,0.43,0.008
30/08/2022,-1.11,-0.38,-0.24,-0.24,0.12,0.008
31/08/2022,-0.74,0.23,-0.44,-0.63,-0.13,0.008
01/09/2022,-0.01,-1.04,-0.29,0.62,0.55,0.009
02/09/2022,-0.99,0.11,1.06,-0.06,0.26,0.009
06/09/2022,-0.51,-0.54,-0.51,-0.17,-0.7,0.009
07/09/2022,1.92,0.41,-1.53,-1.3,-0.54,0.009
08/09/2022,0.78,-0.15,-0.2,-1.29,-1.02,0.009
09/09/2022,1.67,0.38,-0.52,-0.1,-0.49,0.009
12/09/2022,1.07,0.25,-0.17,-0.13,-0.13,0.009
13/09/2022,-4.29,0.05,1.44,-0.3,0.89,0.009
14/09/2022,0.44,-0.18,-0.28,-0.73,-0.43,0.009
15/09/2022,-1.03,0.39,0.54,-0.35,0.23,0.009
16/09/2022,-0.98,-0.75,0.85,1.68,0.95,0.009
19/09/2022,0.72,-0.08,0.67,0.61,-0.07,0.009
20/09/2022,-1.16,-0.3,0.06,-0.12,0.33,0.009
21/09/2022,-1.68,0.33,0.08,0.38,0.1,0.009
22/09/2022,-1.14,-1.16,0.42,1.16,0.91,0.009
23/09/2022,-1.85,-0.48,-0.8,0.19,-0.25,0.009
26/09/2022,-1.02,-0.06,-0.75,0.18,-0.41,0.009
27/09/2022,-0.05,0.58,-0.93,-0.63,-0.9,0.009
28/09/2022,2.15,0.92,-0.33,-0.87,-0.71,0.009
29/09/2022,-2.17,-0.28,0.87,0.44,0.5,0.009
30/09/2022,-1.42,0.59,0.27,-0.66,-0.09,0.009
03/10/2022,2.55,0.01,0.68,0.9,0.36,0.011
04/10/2022,3.3,0.72,-0.07,-1.04,-0.3,0.011
05/10/2022,-0.22,-0.37,0.06,0.35,0.16,0.011
06/10/2022,-0.86,0.46,0.12,-0.11,-0.47,0.011
07/10/2022,-2.91,-0.23,1.68,0.97,1.46,0.011
10/10/2022,-0.81,0.24,0.76,1.52,0.4,0.011
11/10/2022,-0.7,0.62,0.32,0.57,0.65,0.011
12/10/2022,-0.27,0.02,0.02,-0.02,0.01,0.011
13/10/2022,2.4,-0.27,1.57,0.55,0.95,0.011
14/10/2022,-2.46,-0.21,1.2,0.53,1.58,0.011
17/10/2022,2.74,0.37,-1.43,-1.01,-1.18,0.011
18/10/2022,1.19,-0.13,0.01,-0.43,0.03,0.011
19/10/2022,-0.87,-1.2,1.21,0.7,0.77,0.011
20/10/2022,-0.8,-0.33,-0.43,-0.61,0.12,0.011
21/10/2022,2.3,-0.05,0.1,0.61,-0.21,0.011
24/10/2022,1.03,-0.63,0.44,1.16,0.48,0.011
25/10/2022,1.78,1.02,-1.52,-1.19,-1.22,0.011
26/10/2022,-0.66,0.7,0.89,-0.8,0.67,0.011
27/10/2022,-0.54,0.43,1.06,-0.36,0.52,0.011
28/10/2022,2.33,0.05,-0.33,0.38,0.61,0.011
31/10/2022,-0.67,0.47,0.75,-0.21,0.49,0.011
01/11/2022,-0.35,0.44,0.78,-0.01,0.4,0.014
02/11/2022,-2.67,-0.87,1.61,0.21,1.05,0.014
03/11/2022,-1.03,0.39,0.31,-0.13,0.06,0.014
04/11/2022,1.16,-0.25,1.27,2.21,0.63,0.014
07/11/2022,0.87,-0.34,0.61,1.06,0.94,0.014
08/11/2022,0.5,-0.55,-0.36,-0.19,0.06,0.014
09/11/2022,-2.25,-0.52,0.55,0.95,1.06,0.014
10/11/2022,5.68,1.01,-3.11,-0.67,-2.73,0.014
11/11/2022,1.07,0.17,-1.08,-0.9,-1.14,0.014
14/11/2022,-0.95,-0.25,0.26,0.54,0.42,0.014
15/11/2022,1.03,0.46,-0.7,-0.49,-0.51,0.014
16/11/2022,-1.03,-1.07,0.57,1.19,0.93,0.014
17/11/2022,-0.42,-0.29,0.58,1.38,0.75,0.014
18/11/2022,0.4,-0.09,0.08,0.4,0.62,0.014
21/11/2022,-0.53,-0.21,0.99,0.48,1.1,0.014
22/11/2022,1.35,-0.38,0.43,0.72,-0.23,0.014
23/11/2022,0.63,-0.24,-0.94,-0.75,-0.57,0.014
25/11/2022,-0.02,0.27,0.43,-0.16,0.14,0.014
28/11/2022,-1.55,-0.47,-0.2,0.3,0.29,0.014
29/11/2022,-0.18,0.34,1.03,0.19,0.48,0.014
30/11/2022,3.12,-0.15,-2.07,-0.77,-1.41,0.014
01/12/2022,-0.02,0.04,-0.69,-0.32,-0.32,0.016
02/12/2022,-0.08,0.84,-0.55,-0.42,0.31,0.016
05/12/2022,-2.02,-0.55,-0.51,0.87,0.97,0.016
06/12/2022,-1.51,-0.02,1.16,0.82,0.71,0.016
07/12/2022,-0.24,-0.17,-0.34,0.08,-0.21,0.016
08/12/2022,0.77,-0.09,-1.22,-0.57,-0.63,0.016
09/12/2022,-0.8,-0.53,0.36,0.24,0.14,0.016
12/12/2022,1.41,-0.28,-0.16,-0.24,-0.13,0.016
13/12/2022,0.66,0.08,-0.74,-0.28,-0.59,0.016
14/12/2022,-0.56,0.04,-0.43,-0.15,-0.08,0.016
15/12/2022,-2.57,-0.11,1.37,0.26,0.36,0.016
16/12/2022,-1.02,0.55,0.19,-0.05,0.4,0.016
19/12/2022,-1.01,-0.62,1.24,0.68,1.18,0.016
20/12/2022,0.13,0.25,0.25,-0.5,0.46,0.016
21/12/2022,1.52,0.14,-0.13,0.37,-0.28,0.016
22/12/2022,-1.52,0.21,0.37,-0.08,0.87,0.016
23/12/2022,0.51,-0.34,1.16,0.86,0.46,0.016
27/12/2022,-0.51,-0.44,1.42,1.16,1.22,0.016
28/12/2022,-1.23,-0.3,-0.29,-0.96,-0.04,0.016
29/12/2022,1.87,1.03,-1.07,-1.02,-0.82,0.016
30/12/2022,-0.22,0.14,-0.03,-0.54,0,0.016
03/01/2023,-0.47,0.05,-0.12,0.25,0.52,0.017
04/01/2023,0.81,0.56,0.04,-0.78,0,0.017
05/01/2023,-1.14,0.15,1.21,0.78,0.8,0.017
06/01/2023,2.21,-0.01,0.04,0.85,0.14,0.017
09/01/2023,0.04,0.35,-1.24,-0.69,-1,0.017
10/01/2023,0.8,0.86,-0.57,-0.46,-0.47,0.017
11/01/2023,1.26,0.02,-0.82,-0.18,-1.02,0.017
12/01/2023,0.46,1.4,-0.3,-1.12,-0.51,0.017
13/01/2023,0.46,0.23,-0.29,-0.21,-0.26,0.017
17/01/2023,-0.18,-0.02,-0.52,-0.62,-0.4,0.017
18/01/2023,-1.54,0.03,-0.7,0.33,-0.09,0.017
19/01/2023,-0.86,-0.09,0.84,0.57,0.64,0.017
20/01/2023,1.95,-0.03,-0.71,-0.18,-0.73,0.017
23/01/2023,1.29,-0.04,-1.01,-0.48,-1,0.017
24/01/2023,-0.16,-0.17,0.21,-0.22,0.36,0.017
25/01/2023,0,0.13,0.65,0.03,0.23,0.017
26/01/2023,1.08,-0.62,0.02,-0.2,-0.34,0.017
27/01/2023,0.36,0.33,-1.15,-0.65,-1.19,0.017
30/01/2023,-1.38,0.04,0.72,0.42,0.82,0.017
31/01/2023,1.58,0.94,-0.08,-0.06,-0.52,0.017
01/02/2023,1.19,0.63,-1.67,-0.2,-1.08,0.018
02/02/2023,1.54,1.16,-2.07,-0.23,-1.64,0.018
03/02/2023,-1.08,0.37,0.95,1.02,0.97,0.018
06/02/2023,-0.73,-0.8,0.41,-0.26,0.41,0.018
07/02/2023,1.24,-0.51,-0.05,0.31,-0.36,0.018
08/02/2023,-1.18,-0.68,0.72,-0.33,-0.05,0.018
09/02/2023,-0.95,-0.61,0.2,0.31,0.41,0.018
10/02/2023,0.11,-0.31,1.55,0.62,0.85,0.018
13/02/2023,1.14,0.09,-0.73,0.46,-0.28,0.018
14/02/2023,0.12,-0.05,-0.68,-0.68,-0.89,0.018
15/02/2023,0.51,0.73,-0.9,-1.12,-1.01,0.018
16/02/2023,-1.37,0.22,0.97,0.83,0.87,0.018
17/02/2023,-0.28,0.65,-0.15,0.17,0.52,0.018
21/02/2023,-2.16,-1.15,0.91,0.36,0.78,0.018
22/02/2023,-0.04,0.45,-0.43,-0.37,-0.39,0.018
23/02/2023,0.46,0.11,-0.24,-0.02,-0.39,0.018
24/02/2023,-1.09,-0.26,1.25,0.25,0.37,0.018
27/02/2023,0.31,0.05,-0.29,0.05,-0.4,0.018
28/02/2023,-0.26,0.53,-0.71,-0.58,-0.15,0.018
01/03/2023,-0.42,0.4,0.62,0.2,0.61,0.016
02/03/2023,0.67,-0.5,-0.41,-0.14,0.18,0.016
03/03/2023,1.61,-0.07,-0.52,-0.37,-0.65,0.016
06/03/2023,-0.13,-1.61,-0.09,0.31,-0.12,0.016
07/03/2023,-1.45,0.63,-0.66,-0.11,-0.17,0.016
08/03/2023,0.08,0.08,-0.39,0.38,-0.13,0.016
09/03/2023,-2.02,-0.68,-0.66,1.03,0.62,0.016
10/03/2023,-1.68,-1.38,0.8,0.98,1.07,0.016
13/03/2023,-0.34,-1.17,-3.52,-1.01,-0.61,0.016
14/03/2023,1.71,0,-0.4,-0.21,-0.45,0.016
15/03/2023,-0.79,-0.52,-1.81,0.35,-0.42,0.016
16/03/2023,1.76,0,-0.19,0.07,-0.71,0.016
17/03/2023,-1.21,-1.05,-1.55,0.27,-0.24,0.016
20/03/2023,0.84,-0.36,0.75,0.51,0.7,0.016
21/03/2023,1.49,0.47,0.67,-0.26,-1.07,0.016
22/03/2023,-1.74,-0.81,-0.47,0.79,0.2,0.016
23/03/2023,0.21,-0.44,-1.55,0.06,-0.83,0.016
24/03/2023,0.46,0.18,0.72,0.36,0.38,0.016
27/03/2023,0.27,0.51,1.01,-0.27,0.36,0.016
28/03/2023,-0.17,-0.02,0.75,0.09,0.55,0.016
29/03/2023,1.39,-0.35,-0.54,-0.89,-0.52,0.016
30/03/2023,0.5,-0.61,-0.58,0.2,-0.11,0.016
31/03/2023,1.53,0.51,-0.77,-0.45,-0.76,0.016
03/04/2023,0.28,-0.19,0.78,0.51,0.7,0.018
04/04/2023,-0.72,-1.13,-0.72,0,0,0.018
05/04/2023,-0.4,-1.01,1.4,0.79,1.17,0.018
06/04/2023,0.34,-0.03,-0.53,-0.41,-0.14,0.018
10/04/2023,0.2,0.85,0.27,-0.06,-0.11,0.018
11/04/2023,0.06,0.71,0.58,0.05,0.12,0.018
12/04/2023,-0.51,-0.43,0.37,0.49,0.4,0.018
13/04/2023,1.39,0.16,-1.17,-0.22,-0.68,0.018
14/04/2023,-0.23,-0.76,0.2,0.61,0.1,0.018
17/04/2023,0.33,0.7,-0.2,-1.3,-0.25,0.018
18/04/2023,0.04,-0.4,-0.3,-0.02,0.18,0.018
19/04/2023,-0.04,0.26,0.4,-0.02,0.12,0.018
20/04/2023,-0.61,0.12,-0.26,0.72,0.48,0.018
21/04/2023,0.08,0.09,-0.91,-0.61,-0.1,0.018
24/04/2023,0,-0.27,0.47,0.65,0.29,0.018
25/04/2023,-1.76,-0.83,0.11,0.44,0.88,0.018
26/04/2023,-0.41,-0.05,-0.75,0.04,-0.33,0.018
27/04/2023,1.85,-0.6,0.01,0.47,-0.19,0.018
28/04/2023,0.77,0.23,0.17,0.11,0.22,0.018
01/05/2023,-0.02,0.17,-0.78,-0.5,0.18,0.016
02/05/2023,-1.28,-0.73,-1.39,0.7,0.05,0.016
03/05/2023,-0.56,0.86,-1.02,-0.91,-0.44,0.016
04/05/2023,-0.78,-0.47,-0.99,-0.55,-0.27,0.016
05/05/2023,1.9,0.49,0.6,0.25,-0.65,0.016
08/05/2023,0.08,-0.38,-0.27,-0.55,-0.4,0.016
09/05/2023,-0.43,0.12,-0.05,-0.37,-0.4,0.016
10/05/2023,0.43,0.2,-1.31,-0.08,-0.79,0.016
11/05/2023,-0.21,-0.51,-0.08,0.85,0.11,0.016
12/05/2023,-0.22,-0.1,0.35,0.4,0.47,0.016
15/05/2023,0.47,0.78,0.01,-0.73,-0.46,0.016
16/05/2023,-0.72,-0.45,-0.46,0.75,-0.1,0.016
17/05/2023,1.32,0.85,1.18,-0.38,-0.28,0.016
18/05/2023,0.99,-0.23,-0.38,0.16,-0.7,0.016
19/05/2023,-0.26,-0.39,-0.3,-0.02,0.18,0.016
22/05/2023,0.17,1.12,-0.22,-1.24,-0.91,0.016
23/05/2023,-1.09,0.61,1.05,0.21,0.19,0.016
24/05/2023,-0.72,-0.39,-0.19,-0.03,-0.05,0.016
25/05/2023,0.64,-1.09,-1.08,1.35,-1.23,0.016
26/05/2023,1.32,-0.29,-0.87,-0.26,-0.52,0.016
30/05/2023,-0.01,-0.25,-0.41,-0.36,-0.96,0.016
31/05/2023,-0.6,-0.25,-1.12,-0.95,0.08,0.016
01/06/2023,1.01,0.05,-0.07,-0.12,-0.39,0.019
02/06/2023,1.62,1.74,1.63,0.43,0.75,0.019
05/06/2023,-0.26,-1.09,-0.73,-0.61,-0.41,0.019
06/06/2023,0.47,2.25,1.32,-0.17,-0.41,0.019
07/06/2023,-0.36,1.89,2.24,0.74,1.28,0.019
08/06/2023,0.59,-0.78,-1.15,-0.16,-0.5,0.019
09/06/2023,0.03,-0.79,-0.4,0.06,-0.23,0.019
12/06/2023,0.94,-0.27,-1.4,-0.22,-0.77,0.019
13/06/2023,0.74,0.52,0.07,-0.55,-0.51,0.019
14/06/2023,-0.04,-1.06,-0.92,0.63,-0.24,0.019
15/06/2023,1.22,-0.36,0.06,0.22,-0.09,0.019
16/06/2023,-0.45,-0.51,0.21,0.16,0.35,0.019
20/06/2023,-0.48,0.21,-0.66,-0.11,-0.51,0.019
21/06/2023,-0.56,0.29,0.54,0.59,0.86,0.019
22/06/2023,0.32,-0.96,-1.23,0.25,-0.53,0.019
23/06/2023,-0.84,-0.6,0.07,0.27,0.06,0.019
26/06/2023,-0.48,0,1.3,0.63,0.67,0.019
27/06/2023,1.21,0.32,-0.52,0.24,-0.71,0.019
28/06/2023,0.04,0.47,-0.42,-0.62,-0.42,0.019
29/06/2023,0.44,0.76,0.76,0.58,0.46,0.019
30/06/2023,1.14,-0.73,-0.77,-0.1,-0.29,0.019
03/07/2023,0.15,0.27,1.08,0.16,0.11,0.022
05/07/2023,-0.29,-1.06,-0.26,-0.29,-0.01,0.022
06/07/2023,-0.95,-0.59,-0.68,0.57,0.06,0.022
07/07/2023,-0.12,1.3,1.25,-0.2,0.19,0.022
10/07/2023,0.37,1.24,-0.01,-1.01,0.54,0.022
11/07/2023,0.75,0.18,0.49,-0.22,0.29,0.022
12/07/2023,0.74,0.37,0.43,-0.3,-0.45,0.022
13/07/2023,0.9,-0.07,-0.1,-0.17,-0.67,0.022
14/07/2023,-0.25,-0.7,-1.51,0.42,-0.54,0.022
17/07/2023,0.49,0.64,-0.27,-0.39,-0.06,0.022
18/07/2023,0.78,0.44,1.09,0.63,-0.44,0.022
19/07/2023,0.25,0.26,1.32,0.15,0.18,0.022
20/07/2023,-0.81,-0.35,0.65,0.45,1.48,0.022
21/07/2023,-0.05,-0.37,-0.37,-0.16,0.11,0.022
24/07/2023,0.31,-0.03,0.78,0.96,-0.22,0.022
25/07/2023,0.25,-0.23,-0.79,0.47,-0.4,0.022
26/07/2023,0.02,0.87,1.02,-0.35,0.64,0.022
27/07/2023,-0.75,-0.81,0.26,0.39,0.13,0.022
28/07/2023,1.14,0.42,-0.32,-0.76,-0.39,0.022
31/07/2023,0.26,1,-0.09,-0.94,0.06,0.022
01/08/2023,-0.35,-0.11,0.31,0.19,-0.28,0.02
02/08/2023,-1.49,-0.04,0.59,0.68,0.69,0.02
03/08/2023,-0.2,0.02,0.08,0.33,-0.34,0.02
04/08/2023,-0.49,0.07,0.77,-0.17,-0.66,0.02
07/08/2023,0.77,-1.08,0.57,0.66,-0.1,0.02
08/08/2023,-0.47,0.11,0.12,0.51,0.03,0.02
09/08/2023,-0.78,-0.02,-0.04,0.85,0.03,0.02
10/08/2023,0.01,-0.45,-0.67,-0.02,-0.06,0.02
11/08/2023,-0.11,0.25,0.47,-0.21,0.37,0.02
14/08/2023,0.51,-0.85,-0.79,0.11,-0.63,0.02
15/08/2023,-1.18,0,-1.04,0.19,0.05,0.02
16/08/2023,-0.81,-0.48,-0.14,0.38,0.02,0.02
17/08/2023,-0.87,-0.17,0.5,0.49,0.16,0.02
18/08/2023,0.04,0.41,-0.22,0.07,-0.12,0.02
21/08/2023,0.64,-0.88,-0.58,0.17,-0.87,0.02
22/08/2023,-0.32,-0.01,-1.05,-0.33,-0.22,0.02
23/08/2023,1.08,-0.22,-0.11,-0.38,-0.25,0.02
24/08/2023,-1.43,0.01,0.62,0.53,0.4,0.02
25/08/2023,0.65,-0.24,-0.58,-0.36,-0.17,0.02
28/08/2023,0.63,0.09,0.41,0.26,0.03,0.02
29/08/2023,1.5,-0.08,-0.11,-0.05,-0.44,0.02
30/08/2023,0.41,0.09,-0.45,-0.42,-0.03,0.02
31/08/2023,-0.08,-0.19,0.21,0.06,-0.26,0.02
01/09/2023,0.26,0.84,0.59,-0.02,-0.2,0.021
05/09/2023,-0.54,-1.58,-0.85,-0.32,-0.48,0.021
06/09/2023,-0.71,0.02,-0.18,-0.45,0.1,0.021
07/09/2023,-0.4,-0.69,0.03,-0.21,0,0.021
08/09/2023,0.12,-0.51,0.39,0.29,0.01,0.021
11/09/2023,0.66,-0.47,-0.53,-0.49,-0.34,0.021
12/09/2023,-0.59,0.2,1.02,0.26,0.24,0.021
13/09/2023,0.03,-0.87,-0.22,0.27,-0.36,0.021
14/09/2023,0.84,0.49,0.86,0.83,0.02,0.021
15/09/2023,-1.21,0.21,0.25,-0.32,0.48,0.021
18/09/2023,-0.04,-0.81,-0.19,0.21,-0.05,0.021
19/09/2023,-0.27,-0.11,-0.01,0.34,0.31,0.021
20/09/2023,-0.95,-0.05,0.27,0.26,0.5,0.021
21/09/2023,-1.69,0.34,0.38,0.55,0.14,0.021
22/09/2023,-0.25,-0.09,-0.5,0.17,-0.18,0.021
25/09/2023,0.39,-0.07,0.35,0.59,-0.46,0.021
26/09/2023,-1.46,0.35,-0.5,-0.36,-0.08,0.021
27/09/2023,0.13,0.78,0.12,0.18,-0.27,0.021
28/09/2023,0.65,0.19,0.03,0.43,-0.03,0.021
29/09/2023,-0.27,-0.02,0.3,-0.18,-0.15,0.021
02/10/2023,-0.14,-1.28,-1.05,0.86,-0.52,0.021
03/10/2023,-1.5,-0.26,-0.14,0.29,0.15,0.021
04/10/2023,0.77,-0.53,-0.39,-0.39,-0.33,0.021
05/10/2023,-0.15,0.28,0.08,-0.45,-0.12,0.021
06/10/2023,1.21,-0.44,-0.55,-0.32,-0.52,0.021
09/10/2023,0.58,-0.16,0.26,0.81,-0.38,0.021
10/10/2023,0.61,0.32,0.64,-0.24,0.19,0.021
11/10/2023,0.32,-0.65,0.39,0.64,-0.25,0.021
12/10/2023,-0.81,-1.49,0.12,1.18,-0.22,0.021
13/10/2023,-0.59,-0.35,0.06,0.08,0.46,0.021
16/10/2023,1.14,0.58,-0.09,-0.36,-0.02,0.021
17/10/2023,0.09,1.05,0.7,-0.07,0.33,0.021
18/10/2023,-1.47,-0.6,-0.17,0.85,0.46,0.021
19/10/2023,-0.92,-0.54,-0.22,-0.05,0,0.021
20/10/2023,-1.32,0.08,-0.15,0.2,0.37,0.021
23/10/2023,-0.23,-0.58,-0.78,0.17,-0.44,0.021
24/10/2023,0.71,0.09,-0.58,-0.9,0.15,0.021
25/10/2023,-1.58,-0.02,0.84,1.5,0.2,0.021
26/10/2023,-1.15,1.19,1.66,-0.76,0.48,0.021
27/10/2023,-0.53,-0.58,-0.57,0.42,-0.96,0.021
30/10/2023,1.15,-0.34,0.28,-0.14,0.17,0.021
31/10/2023,0.63,0.05,-0.08,-0.84,0.06,0.021
01/11/2023,0.93,-0.68,-0.03,0.12,-0.71,0.021
02/11/2023,1.95,0.71,1.64,-0.25,0.53,0.021
03/11/2023,1.1,1.74,0.59,-1.18,0.18,0.021
06/11/2023,0.01,-1.23,-0.65,0.88,-0.19,0.021
07/11/2023,0.35,-0.41,-1.21,-1.31,-0.07,0.021
08/11/2023,-0.04,-1,-0.44,0.44,0.04,0.021
09/11/2023,-0.89,-1.01,0.49,0.54,-0.3,0.021
10/11/2023,1.49,-0.62,-0.44,0.74,-0.35,0.021
13/11/2023,-0.05,0.06,-0.27,-0.3,-0.18,0.021
14/11/2023,2.18,3.22,1.18,-0.98,-0.23,0.021
15/11/2023,0.18,0.13,0.49,-0.14,0.5,0.021
16/11/2023,-0.11,-1.5,-0.31,-0.44,-0.37,0.021
17/11/2023,0.25,1.22,0.62,0.03,0.37,0.021
20/11/2023,0.73,-0.11,-0.28,-0.32,-0.31,0.021
21/11/2023,-0.32,-0.96,-0.61,0.42,-0.03,0.021
22/11/2023,0.42,0.2,-0.05,-0.38,0.01,0.021
24/11/2023,0.11,0.62,0.19,-0.51,0.24,0.021
27/11/2023,-0.23,-0.14,-0.08,0.12,-0.25,0.021
28/11/2023,0.06,-0.3,0.05,-0.17,0.02,0.021
29/11/2023,0.02,0.58,0.69,-0.78,-0.06,0.021
30/11/2023,0.35,-0.4,0.02,-0.11,0.19,0.021
01/12/2023,0.82,2.23,1.06,-0.37,0.57,0.021
04/12/2023,-0.44,1.5,0.5,-0.43,0.77,0.021
05/12/2023,-0.21,-1.06,-0.83,0.19,-0.41,0.021
06/12/2023,-0.39,0.36,0.31,-0.23,0.26,0.021
07/12/2023,0.81,0.1,0.47,0.06,-0.19,0.021
08/12/2023,0.44,0.16,0.53,-0.14,-0.09,0.021
11/12/2023,0.34,-0.43,-0.12,0.02,0.65,0.021
12/12/2023,0.34,-0.64,-0.88,-0.38,-0.22,0.021
13/12/2023,1.55,1.92,1.35,-0.99,0.17,0.021
14/12/2023,0.51,1.84,2.05,0.05,0.41,0.021
15/12/2023,-0.06,-0.59,-0.57,0.14,-0.35,0.021
18/12/2023,0.42,-0.51,-0.38,0.35,-0.25,0.021
19/12/2023,0.72,1.5,0.7,-0.38,0.06,0.021
20/12/2023,-1.56,-0.34,0.13,0.76,0.08,0.021
21/12/2023,1.09,0.75,-0.03,-0.57,-0.17,0.021
22/12/2023,0.21,0.61,0.09,-0.64,0.19,0.021
26/12/2023,0.48,0.81,0.46,-0.34,-0.15,0.021
27/12/2023,0.16,0.16,0.12,-0.31,-0.14,0.021
28/12/2023,-0.01,-0.38,0.03,-0.32,0.15,0.021
29/12/2023,-0.43,-1.13,-0.37,0.67,-0.07,0.021
